EntryID,UniversityID,University,ProgramCategoryID,Year,Employment Rate (2 years after graduating),Employment Rate (6 months after graduating),Graduation Rate
0,1,Algoma University,1,2020,n/a,n/a,n/a
1,2,Brock University,1,2020,0.9524,0.8571,0.637
2,3,Carleton University,1,2020,0.9302,0.814,0.681
3,4,University of Guelph,1,2020,0.9649,0.8587,0.839
4,5,Lakehead University,1,2020,1,1,0.784
5,6,Laurentian University,1,2020,0.9412,0.8065,0.711
6,7,McMaster University,1,2020,0.9299,0.7861,n/a
7,8,Nipissing University,1,2020,1,1,0.711
8,9,OCAD University,1,2020,n/a,n/a,n/a
9,10,University of Ottawa,1,2020,0.9216,0.84,0.76
10,11,Ontario Tech University,1,2020,0.8947,0.7222,0.578
11,12,Queens University,1,2020,0.9435,0.8382,n/a
12,13,Toronto Metropolitan University,1,2020,0.9385,0.8209,n/a
13,14,University of Toronto,1,2020,0.8991,0.7445,n/a
14,15,Trent University,1,2020,0.914,0.9101,0.76
15,16,University of Waterloo,1,2020,0.8889,0.7792,0.799
16,17,Western University,1,2020,0.9205,0.8101,n/a
17,18,Wilfrid Laurier University ,1,2020,0.9592,0.8333,0.724
18,19,University of Windsor,1,2020,0.9167,0.881,0.835
19,20,York University,1,2020,0.9213,0.7976,0.668
20,1,Algoma University,1,2019,n/a,n/a,n/a
21,2,Brock University,1,2019,0.9583,0.92,0.587
22,3,Carleton University,1,2019,0.9333,0.8478,0.655
23,4,University of Guelph,1,2019,0.9356,0.8995,0.837
24,5,Lakehead University,1,2019,1,1,0.662
25,6,Laurentian University,1,2019,0.9118,0.9118,0.698
26,7,McMaster University,1,2019,0.9097,0.8874,n/a
27,8,Nipissing University,1,2019,1,0.6923,0.741
28,9,OCAD University,1,2019,n/a,n/a,n/a
29,10,University of Ottawa,1,2019,0.955,0.8899,0.727
30,11,Ontario Tech University,1,2019,0.8077,0.7727,0.601
31,12,Queens University,1,2019,0.9514,0.9333,n/a
32,13,Toronto Metropolitan University,1,2019,0.8571,0.7586,n/a
33,14,University of Toronto,1,2019,0.8988,0.7953,n/a
34,15,Trent University,1,2019,0.9438,0.8519,0.668
35,16,University of Waterloo,1,2019,0.9677,0.8596,0.814
36,17,Western University,1,2019,0.9437,0.9118,n/a
37,18,Wilfrid Laurier University ,1,2019,0.9189,0.9429,0.661
38,19,University of Windsor,1,2019,0.9091,0.8113,0.788
39,20,York University,1,2019,0.8919,0.7606,0.727
40,1,Algoma University,1,2018,n/a,n/a,n/a
41,2,Brock University,1,2018,1,0.92,0.688
42,3,Carleton University,1,2018,0.9149,0.8222,0.675
43,4,University of Guelph,1,2018,0.9364,0.9252,0.81
44,5,Lakehead University,1,2018,0.9091,1,0.617
45,6,Laurentian University,1,2018,0.9787,0.9048,n/a
46,7,McMaster University,1,2018,0.9138,0.8924,n/a
47,8,Nipissing University,1,2018,0.8333,0.7778,0.7
48,9,OCAD University,1,2018,n/a,n/a,n/a
49,10,University of Ottawa,1,2018,0.9259,0.9252,0.774
50,11,Ontario Tech University,1,2018,0.931,0.8966,0.508
51,12,Queens University,1,2018,0.9024,0.8649,n/a
52,13,Toronto Metropolitan University,1,2018,0.8485,0.8136,n/a
53,14,University of Toronto,1,2018,n/a,n/a,n/a
54,15,Trent University,1,2018,0.8929,0.809,0.729
55,16,University of Waterloo,1,2018,0.9186,0.8974,0.821
56,17,Western University,1,2018,0.851,0.898,n/a
57,18,Wilfrid Laurier University ,1,2018,0.9231,0.9318,0.66
58,19,University of Windsor,1,2018,0.9412,0.8696,0.795
59,20,York University,1,2018,0.875,0.7848,0.7
60,1,Algoma University,1,2017,n/a,n/a,n/a
61,2,Brock University,1,2017,0.8276,0.8846,0.62
62,3,Carleton University,1,2017,0.878,0.8372,0.658
63,4,University of Guelph,1,2017,0.9502,0.9406,0.838
64,5,Lakehead University,1,2017,1,0.9412,0.783
65,6,Laurentian University,1,2017,0.9778,0.9048,0.816
66,7,McMaster University,1,2017,0.9434,0.8696,n/a
67,8,Nipissing University,1,2017,1,0.8182,0.762
68,9,OCAD University,1,2017,n/a,n/a,n/a
69,10,University of Ottawa,1,2017,0.9057,0.8318,0.736
70,11,Ontario Tech University,1,2017,0.9,0.75,0.561
71,12,Queens University,1,2017,0.9658,0.9022,n/a
72,13,Toronto Metropolitan University,1,2017,0.8235,0.8125,n/a
73,14,University of Toronto,1,2017,0.924,0.8049,n/a
74,15,Trent University,1,2017,0.9213,0.8718,0.7
75,16,University of Waterloo,1,2017,0.9194,0.8438,0.773
76,17,Western University,1,2017,0.947,0.851,n/a
77,18,Wilfrid Laurier University ,1,2017,1,0.9211,0.749
78,19,University of Windsor,1,2017,1,0.9583,0.801
79,20,York University,1,2017,0.913,0.8824,0.754
80,1,Algoma University,1,2016,n/a,n/a,n/a
81,2,Brock University,1,2016,0.9545,0.8947,0.633
82,3,Carleton University,1,2016,1,0.8438,0.651
83,4,University of Guelph,1,2016,0.9682,0.9119,0.795
84,5,Lakehead University,1,2016,0.9412,1,0.705
85,6,Laurentian University,1,2016,1,0.9375,0.6
86,7,McMaster University,1,2016,0.9366,0.8148,n/a
87,8,Nipissing University,1,2016,1,0.75,0.619
88,9,OCAD University,1,2016,n/a,n/a,n/a
89,10,University of Ottawa,1,2016,0.9425,0.8049,0.733
90,11,Ontario Tech University,1,2016,0.9375,0.8214,0.619
91,12,Queens University,1,2016,0.9268,0.9109,0.828
92,13,Toronto Metropolitan University,1,2016,0.8889,0.7778,n/a
93,14,University of Toronto,1,2016,0.9299,0.7665,0.824
94,15,Trent University,1,2016,0.9828,0.7091,0.76
95,16,University of Waterloo,1,2016,0.9219,0.8095,0.799
96,17,Western University,1,2016,0.9861,0.8765,n/a
97,18,Wilfrid Laurier University ,1,2016,0.9608,0.8936,0.809
98,19,University of Windsor,1,2016,0.9318,0.9184,0.729
99,20,York University,1,2016,0.878,0.7209,0.665
100,1,Algoma University,1,2015,n/a,n/a,n/a
101,2,Brock University,1,2015,0.8333,0.9545,0.68
102,3,Carleton University,1,2015,0.878,0.7188,0.73
103,4,University of Guelph,1,2015,0.9481,0.916,0.81
104,5,Lakehead University,1,2015,0.9286,0.8667,0.742
105,6,Laurentian University,1,2015,0.9333,0.9375,0.75
106,7,McMaster University,1,2015,0.9286,0.7909,0.838
107,8,Nipissing University,1,2015,1,0.8667,0.625
108,9,OCAD University,1,2015,n/a,n/a,n/a
109,10,University of Ottawa,1,2015,0.9184,0.8716,0.735
110,11,Ontario Tech University,1,2015,0.9459,0.7568,0.614
111,12,Queens University,1,2015,0.8839,0.9048,0.889
112,13,Toronto Metropolitan University,1,2015,0.8485,0.8571,0.556
113,14,University of Toronto,1,2015,0.9393,0.8009,0.818
114,15,Trent University,1,2015,0.9062,0.825,0.756
115,16,University of Waterloo,1,2015,0.9429,0.7432,0.794
116,17,Western University,1,2015,0.9126,0.8208,n/a
117,18,Wilfrid Laurier University ,1,2015,0.9773,0.85,0.763
118,19,University of Windsor,1,2015,0.9362,0.8298,0.773
119,20,York University,1,2015,0.8889,0.7966,0.675
120,1,Algoma University,1,2014,n/a,n/a,n/a
121,2,Brock University,1,2014,0.9259,0.8636,0.653
122,3,Carleton University,1,2014,0.8846,0.6667,0.67
123,4,University of Guelph,1,2014,0.9214,0.8598,0.781
124,5,Lakehead University,1,2014,0.9231,0.9583,0.75
125,6,Laurentian University,1,2014,0.963,1,0.708
126,7,McMaster University,1,2014,0.8673,0.8421,n/a
127,8,Nipissing University,1,2014,0.75,0.6923,0.312
128,9,OCAD University,1,2014,n/a,n/a,n/a
129,10,University of Ottawa,1,2014,0.9537,0.8673,0.76
130,11,Ontario Tech University,1,2014,0.9091,0.871,0.54
131,12,Queens University,1,2014,0.9091,0.8889,0.792
132,13,Toronto Metropolitan University,1,2014,0.8529,0.6571,0.53
133,14,University of Toronto,1,2014,0.8538,0.7804,0.85
134,15,Trent University,1,2014,0.913,0.7941,0.846
135,16,University of Waterloo,1,2014,0.8659,0.6883,0.784
136,17,Western University,1,2014,0.95,0.7619,n/a
137,18,Wilfrid Laurier University ,1,2014,0.9273,0.9057,0.521
138,19,University of Windsor,1,2014,0.8936,0.8409,0.708
139,20,York University,1,2014,0.8939,0.7846,0.71
140,1,Algoma University,1,2013,0.9239,0.8602,n/a
141,2,Brock University,1,2013,0.8333,0.7391,0.706
142,3,Carleton University,1,2013,0.8947,0.8485,0.745
143,4,University of Guelph,1,2013,0.9239,0.8602,0.779
144,5,Lakehead University,1,2013,0.9444,0.9444,0.773
145,6,Laurentian University,1,2013,0.9474,0.7222,0.632
146,7,McMaster University,1,2013,0.9008,0.8091,n/a
147,8,Nipissing University,1,2013,1,n/a,0.615
148,9,OCAD University,1,2013,n/a,n/a,n/a
149,10,University of Ottawa,1,2013,0.9182,0.76,0.785
150,11,Ontario Tech University,1,2013,0.9091,0.8889,0.541
151,12,Queens University,1,2013,0.8902,0.9006,1
152,13,Toronto Metropolitan University,1,2013,0.913,0.75,n/a
153,14,University of Toronto,1,2013,0.8848,0.7391,0.796
154,15,Trent University,1,2013,0.9649,0.8793,0.75
155,16,University of Waterloo,1,2013,0.8875,0.6667,0.768
156,17,Western University,1,2013,0.9383,0.8072,n/a
157,18,Wilfrid Laurier University ,1,2013,0.875,0.8409,0.684
158,19,University of Windsor,1,2013,0.8605,0.9167,0.639
159,20,York University,1,2013,0.8103,0.7213,0.7
160,1,Algoma University,1,2012,n/a,n/a,n/a
161,2,Brock University,1,2012,0.8333,0.5455,0.742
162,3,Carleton University,1,2012,0.9655,0.931,0.629
163,4,University of Guelph,1,2012,0.9535,0.9019,0.81
164,5,Lakehead University,1,2012,0.9524,0.9,0.764
165,6,Laurentian University,1,2012,1,0.9545,0.706
166,7,McMaster University,1,2012,0.9286,0.8854,n/a
167,8,Nipissing University,1,2012,1,0.9375,0.71
168,9,OCAD University,1,2012,n/a,n/a,n/a
169,10,University of Ottawa,1,2012,0.875,0.8235,0.771
170,11,Ontario Tech University,1,2012,1,0.7692,0.544
171,12,Queens University,1,2012,0.9459,0.8519,0.883
172,13,Toronto Metropolitan University,1,2012,0.8235,0.3889,n/a
173,14,University of Toronto,1,2012,0.9045,0.7422,0.805
174,15,Trent University,1,2012,0.8947,0.8205,0.817
175,16,University of Waterloo,1,2012,0.8571,0.8,0.841
176,17,Western University,1,2012,0.8667,0.7647,n/a
177,18,Wilfrid Laurier University ,1,2012,1,0.875,0.677
178,19,University of Windsor,1,2012,0.8462,0.8182,0.64
179,20,York University,1,2012,0.8529,0.7105,0.634
180,1,Algoma University,1,2011,n/a,n/a,n/a
181,2,Brock University,1,2011,0.9375,0.7333,0.579
182,3,Carleton University,1,2011,0.875,0.56,0.657
183,4,University of Guelph,1,2011,0.9346,0.8994,0.806
184,5,Lakehead University,1,2011,1,0.8667,0.831
185,6,Laurentian University,1,2011,0.875,0.8571,0.643
186,7,McMaster University,1,2011,0.8608,0.8382,n/a
187,8,Nipissing University,1,2011,n/a,n/a,0.727
188,9,OCAD University,1,2011,n/a,n/a,n/a
189,10,University of Ottawa,1,2011,0.8974,0.8514,0.753
190,11,Ontario Tech University,1,2011,0.875,0.6154,0.595
191,12,Queens University,1,2011,0.871,0.837,0.856
192,13,Toronto Metropolitan University,1,2011,0.875,0.7222,n/a
193,14,University of Toronto,1,2011,0.8708,0.815,0.781
194,15,Trent University,1,2011,0.8333,0.7692,0.844
195,16,University of Waterloo,1,2011,0.9474,0.8,0.81
196,17,Western University,1,2011,0.8889,0.8986,n/a
197,18,Wilfrid Laurier University ,1,2011,0.88,0.7826,0.695
198,19,University of Windsor,1,2011,0.9286,0.7222,0.74
199,20,York University,1,2011,0.9048,0.8421,0.71
200,1,Algoma University,1,2010,n/a,n/a,n/a
201,2,Brock University,1,2010,0.9474,0.8333,0.727
202,3,Carleton University,1,2010,0.8929,0.8214,0.665
203,4,University of Guelph,1,2010,0.9226,0.8903,0.836
204,5,Lakehead University,1,2010,1,0.9375,0.798
205,6,Laurentian University,1,2010,1,0.7778,0.864
206,7,McMaster University,1,2010,0.8095,0.8415,n/a
207,8,Nipissing University,1,2010,1,n/a,0.684
208,9,OCAD University,1,2010,n/a,n/a,n/a
209,10,University of Ottawa,1,2010,0.873,0.855,0.832
210,11,Ontario Tech University,1,2010,0.9545,0.9375,0.589
211,12,Queens University,1,2010,0.9294,0.9434,0.916
212,13,Toronto Metropolitan University,1,2010,n/a,n/a,n/a
213,14,University of Toronto,1,2010,0.8481,0.8128,0.75
214,15,Trent University,1,2010,0.9444,0.8421,0.854
215,16,University of Waterloo,1,2010,0.8936,0.7692,0.855
216,17,Western University,1,2010,0.8971,0.7808,n/a
217,18,Wilfrid Laurier University ,1,2010,0.9677,0.8333,0.761
218,19,University of Windsor,1,2010,0.8929,0.8261,0.699
219,20,York University,1,2010,0.8571,n/a,0.786
220,1,Algoma University,1,2009,n/a,n/a,n/a
221,2,Brock University,1,2009,0.85,0.8824,0.792
222,3,Carleton University,1,2009,0.95,0.7727,0.689
223,4,University of Guelph,1,2009,0.8938,0.8824,0.771
224,5,Lakehead University,1,2009,1,1,0.859
225,6,Laurentian University,1,2009,0.888,0.8261,0.68
226,7,McMaster University,1,2009,0.881,0.7927,n/a
227,8,Nipissing University,1,2009,0.9231,0.8333,0.5
228,9,OCAD University,1,2009,n/a,n/a,n/a
229,10,University of Ottawa,1,2009,0.9079,0.8442,0.759
230,11,Ontario Tech University,1,2009,0.7692,0.6,n/a
231,12,Queens University,1,2009,0.9467,0.8897,0.893
232,13,Toronto Metropolitan University,1,2009,n/a,n/a,n/a
233,14,University of Toronto,1,2009,0.884,0.7824,0.798
234,15,Trent University,1,2009,0.9074,0.9464,0.72
235,16,University of Waterloo,1,2009,0.86,0.8136,0.802
236,17,Western University,1,2009,0.9231,0.875,n/a
237,18,Wilfrid Laurier University ,1,2009,1,0.8,0.571
238,19,University of Windsor,1,2009,0.8889,0.8148,0.609
239,20,York University,1,2009,0.9048,0.8421,0.71
240,1,Algoma University,1,2008,n/a,n/a,n/a
241,2,Brock University,1,2008,0.92,0.7692,0.735
242,3,Carleton University,1,2008,1,0.8696,0.685
243,4,University of Guelph,1,2008,0.9181,0.9048,0.811
244,5,Lakehead University,1,2008,1,1,0.733
245,6,Laurentian University,1,2008,1,0.9286,0.64
246,7,McMaster University,1,2008,0.8824,0.8361,n/a
247,8,Nipissing University,1,2008,n/a,n/a,n/a
248,9,OCAD University,1,2008,n/a,n/a,n/a
249,10,University of Ottawa,1,2008,0.875,0.8913,0.769
250,11,Ontario Tech University,1,2008,n/a,n/a,n/a
251,12,Queens University,1,2008,0.9265,0.9219,0.902
252,13,Toronto Metropolitan University,1,2008,n/a,n/a,n/a
253,14,University of Toronto,1,2008,0.8378,0.8138,0.679
254,15,Trent University,1,2008,0.913,0.9524,0.667
255,16,University of Waterloo,1,2008,0.8929,0.7931,0.835
256,17,Western University,1,2008,0.9434,0.8958,n/a
257,18,Wilfrid Laurier University ,1,2008,0.7,0.8,0.59
258,19,University of Windsor,1,2008,0.9091,1,0.626
259,20,York University,1,2008,0.95,0.8182,0.677
260,1,Algoma University,1,2007,n/a,n/a,n/a
261,2,Brock University,1,2007,1,0.8824,0.66
262,3,Carleton University,1,2007,0.8947,0.9524,0.769
263,4,University of Guelph,1,2007,0.9261,0.9222,0.76
264,5,Lakehead University,1,2007,0.8889,1,0.889
265,6,Laurentian University,1,2007,0.9615,0.9565,0.717
266,7,McMaster University,1,2007,0.9385,0.8824,n/a
267,8,Nipissing University,1,2007,1,0.8889,n/a
268,9,OCAD University,1,2007,n/a,n/a,n/a
269,10,University of Ottawa,1,2007,0.9455,0.8913,0.749
270,11,Ontario Tech University,1,2007,n/a,n/a,n/a
271,12,Queens University,1,2007,0.9432,0.962,0.875
272,13,Toronto Metropolitan University,1,2007,n/a,n/a,n/a
273,14,University of Toronto,1,2007,0.9045,0.8593,0.889
274,15,Trent University,1,2007,0.9063,0.8378,0.8
275,16,University of Waterloo,1,2007,0.8529,0.9706,0.815
276,17,Western University,1,2007,0.8846,0.8958,n/a
277,18,Wilfrid Laurier University ,1,2007,0.8125,0.9412,0.667
278,19,University of Windsor,1,2007,0.8235,0.8889,0.607
279,20,York University,1,2007,0.9333,0.9231,0.705
280,1,Algoma University,1,2006,n/a,n/a,n/a
281,2,Brock University,1,2006,n/a,n/a,0.57
282,3,Carleton University,1,2006,1,0.9091,0.588
283,4,University of Guelph,1,2006,0.9504,0.9268,0.765
284,5,Lakehead University,1,2006,1,1,0.843
285,6,Laurentian University,1,2006,0.7857,0.7273,0.671
286,7,McMaster University,1,2006,0.9512,0.8611,n/a
287,8,Nipissing University,1,2006,n/a,n/a,n/a
288,9,OCAD University,1,2006,n/a,n/a,n/a
289,10,University of Ottawa,1,2006,0.8621,0.963,0.77
290,11,Ontario Tech University,1,2006,n/a,n/a,n/a
291,12,Queens University,1,2006,0.982,0.975,0.874
292,13,Toronto Metropolitan University,1,2006,1,1,n/a
293,14,University of Toronto,1,2006,0.926,0.035,n/a
294,15,Trent University,1,2006,1,1,0.694
295,16,University of Waterloo,1,2006,0.944,0.867,0.79
296,17,Western University,1,2006,0.9444,0.9143,n/a
297,18,Wilfrid Laurier University ,1,2006,n/a,n/a,0.64
298,19,University of Windsor,1,2006,1,1,0.586
299,20,York University,1,2006,0.929,0.933,0.656
300,1,Algoma University,1,2005,n/a,n/a,n/a
301,2,Brock University,1,2005,0.857,1,0.607
302,3,Carleton University,1,2005,1,0.875,0.63
303,4,University of Guelph,1,2005,0.9398,0.961,0.807
304,5,Lakehead University,1,2005,n/a,n/a,0.638
305,6,Laurentian University,1,2005,1,0.8182,0.596
306,7,McMaster University,1,2005,0.9063,0.9259,n/a
307,8,Nipissing University,1,2005,n/a,n/a,n/a
308,9,OCAD University,1,2005,n/a,n/a,n/a
309,10,University of Ottawa,1,2005,0.9524,0.9545,0.784
310,11,Ontario Tech University,1,2005,n/a,n/a,n/a
311,12,Queens University,1,2005,0.911,0.921,0.855
312,13,Toronto Metropolitan University,1,2005,n/a,n/a,n/a
313,14,University of Toronto,1,2005,0.915,0.857,n/a
314,15,Trent University,1,2005,0.857,0.929,0.694
315,16,University of Waterloo,1,2005,0.889,0.818,0.717
316,17,Western University,1,2005,0.9231,0.8235,n/a
317,18,Wilfrid Laurier University ,1,2005,0.8571,n/a,0.655
318,19,University of Windsor,1,2005,n/a,n/a,0.72
319,20,York University,1,2005,1,n/a,0.542
320,1,Algoma University,1,2004,n/a,n/a,
321,2,Brock University,1,2004,1,0.923,0.653
322,3,Carleton University,1,2004,0.929,n/a,0.591
323,4,University of Guelph,1,2004,0.929,0.944,0.821
324,5,Lakehead University,1,2004,n/a,n/a,0.729
325,6,Laurentian University,1,2004,0.75,0.909,0.638
326,7,McMaster University,1,2004,0.968,1,n/a
327,8,Nipissing University,1,2004,n/a,n/a,n/a
328,9,OCAD University,1,2004,n/a,n/a,n/a
329,10,University of Ottawa,1,2004,0.952,0.864,0.695
330,11,Ontario Tech University,1,2004,n/a,n/a,n/a
331,12,Queens University,1,2004,1,1,0.866
332,13,Toronto Metropolitan University,1,2004,n/a,n/a,n/a
333,14,University of Toronto,1,2004,0.932,0.862,n/a
334,15,Trent University,1,2004,1,0.917,0.65
335,16,University of Waterloo,1,2004,0.944,0.944,0.785
336,17,Western University,1,2004,1,0.684,n/a
337,18,Wilfrid Laurier University ,1,2004,0.889,0.857,0.696
338,19,University of Windsor,1,2004,n/a,n/a,0.568
339,20,York University,1,2004,1,0.778,0.562
340,1,Algoma University,1,2003,n/a,n/a,n/a
341,2,Brock University,1,2003,n/a,n/a,0.636
342,3,Carleton University,1,2003,n/a,n/a,0.591
343,4,University of Guelph,1,2003,n/a,n/a,0.794
344,5,Lakehead University,1,2003,n/a,n/a,0.681
345,6,Laurentian University,1,2003,0.95,1,0.633
346,7,McMaster University,1,2003,n/a,n/a,n/a
347,8,Nipissing University,1,2003,n/a,n/a,n/a
348,9,OCAD University,1,2003,n/a,n/a,n/a
349,10,University of Ottawa,1,2003,n/a,n/a,0.768
350,11,Ontario Tech University,1,2003,n/a,n/a,n/a
351,12,Queens University,1,2003,n/a,n/a,0.866
352,13,Toronto Metropolitan University,1,2003,n/a,n/a,n/a
353,14,University of Toronto,1,2003,n/a,n/a,n/a
354,15,Trent University,1,2003,n/a,n/a,0.65
355,16,University of Waterloo,1,2003,n/a,n/a,0.863
356,17,Western University,1,2003,n/a,n/a,n/a
357,18,Wilfrid Laurier University ,1,2003,n/a,n/a,0.8
358,19,University of Windsor,1,2003,n/a,n/a,0.636
359,20,York University,1,2003,n/a,n/a,0.602
360,1,Algoma University,3,2020,n/a,n/a,n/a
361,2,Brock University,3,2020,0.9635,0.9185,0.751
362,3,Carleton University,3,2020,0.9921,0.937,0.772
363,4,University of Guelph,3,2020,0.9401,0.8836,0.827
364,5,Lakehead University,3,2020,1,0.9464,0.655
365,6,Laurentian University,3,2020,0.9752,0.9504,0.653
366,7,McMaster University,3,2020,0.9623,0.8488,0.874
367,8,Nipissing University,3,2020,0.9672,0.9194,0.652
368,9,OCAD University,3,2020,n/a,n/a,n/a
369,10,University of Ottawa,3,2020,0.9904,0.9029,0.741
370,11,Ontario Tech University,3,2020,0.9748,0.8843,0.589
371,12,Queens University,3,2020,0.9618,0.9531,0.941
372,13,Toronto Metropolitan University,3,2020,0.9355,0.8136,0.762
373,14,University of Toronto,3,2020,0.9722,0.8538,0.809
374,15,Trent University,3,2020,0.9333,0.8493,0.661
375,16,University of Waterloo,3,2020,0.972,0.9272,0.841
376,17,Western University,3,2020,0.9645,0.8993,0.878
377,18,Wilfrid Laurier University ,3,2020,0.978,0.9284,0.856
378,19,University of Windsor,3,2020,0.9495,0.9043,0.72
379,20,York University,3,2020,0.9483,0.8599,0.805
380,1,Algoma University,3,2019,n/a,n/a,n/a
381,2,Brock University,3,2019,0.9938,0.9608,0.752
382,3,Carleton University,3,2019,0.9919,0.96,0.747
383,4,University of Guelph,3,2019,0.9458,0.9095,0.838
384,5,Lakehead University,3,2019,0.9796,0.9592,0.611
385,6,Laurentian University,3,2019,1,0.9773,0.704
386,7,McMaster University,3,2019,0.9816,0.9615,0.87
387,8,Nipissing University,3,2019,0.9394,0.9697,0.641
388,9,OCAD University,3,2019,n/a,n/a,n/a
389,10,University of Ottawa,3,2019,0.9886,0.9408,0.695
390,11,Ontario Tech University,3,2019,0.9223,0.89,0.603
391,12,Queens University,3,2019,0.9538,0.9844,0.965
392,13,Toronto Metropolitan University,3,2019,0.9304,0.9119,0.756
393,14,University of Toronto,3,2019,0.9516,0.9024,0.804
394,15,Trent University,3,2019,0.9423,0.8269,0.583
395,16,University of Waterloo,3,2019,0.981,0.9542,0.849
396,17,Western University,3,2019,0.9674,0.9478,0.878
397,18,Wilfrid Laurier University ,3,2019,0.9717,0.9514,0.861
398,19,University of Windsor,3,2019,0.925,0.9268,0.688
399,20,York University,3,2019,0.9243,0.8673,0.792
400,1,Algoma University,3,2018,n/a,n/a,n/a
401,2,Brock University,3,2018,0.9667,0.933,0.768
402,3,Carleton University,3,2018,0.9459,0.9247,0.767
403,4,University of Guelph,3,2018,0.9207,0.9491,0.796
404,5,Lakehead University,3,2018,0.9756,0.9302,0.642
405,6,Laurentian University,3,2018,0.9571,0.98,n/a
406,7,McMaster University,3,2018,0.9341,0.9375,0.831
407,8,Nipissing University,3,2018,0.918,0.9365,0.682
408,9,OCAD University,3,2018,n/a,n/a,n/a
409,10,University of Ottawa,3,2018,0.967,0.9524,0.701
410,11,Ontario Tech University,3,2018,0.9278,0.9223,0.617
411,12,Queens University,3,2018,0.9691,0.9615,0.95
412,13,Toronto Metropolitan University,3,2018,0.9272,0.9289,0.76
413,14,University of Toronto,3,2018,0.9714,0.9242,0.804
414,15,Trent University,3,2018,0.973,0.9286,0.583
415,16,University of Waterloo,3,2018,0.9716,0.9706,0.848
416,17,Western University,3,2018,0.955,0.945,0.858
417,18,Wilfrid Laurier University ,3,2018,0.9471,0.9479,0.852
418,19,University of Windsor,3,2018,0.9155,0.9296,0.648
419,20,York University,3,2018,0.9171,0.9183,0.778
420,1,Algoma University,3,2017,n/a,n/a,n/a
421,2,Brock University,3,2017,0.9682,0.9272,0.753
422,3,Carleton University,3,2017,0.971,0.9023,0.747
423,4,University of Guelph,3,2017,0.9634,0.9487,0.797
424,5,Lakehead University,3,2017,1,1,0.66
425,6,Laurentian University,3,2017,0.9717,0.967,0.663
426,7,McMaster University,3,2017,0.9786,0.9365,0.778
427,8,Nipissing University,3,2017,0.9688,0.9844,0.672
428,9,OCAD University,3,2017,n/a,n/a,n/a
429,10,University of Ottawa,3,2017,0.9944,0.9422,0.691
430,11,Ontario Tech University,3,2017,0.9175,0.8557,0.56
431,12,Queens University,3,2017,0.9836,0.9748,0.95
432,13,Toronto Metropolitan University,3,2017,0.9459,0.9222,0.744
433,14,University of Toronto,3,2017,0.9655,0.902,0.805
434,15,Trent University,3,2017,0.9615,0.8913,0.61
435,16,University of Waterloo,3,2017,0.9931,0.958,0.834
436,17,Western University,3,2017,0.973,0.921,0.871
437,18,Wilfrid Laurier University ,3,2017,0.9865,0.9613,0.878
438,19,University of Windsor,3,2017,0.9425,0.9,0.65
439,20,York University,3,2017,0.9822,0.8995,0.799
440,1,Algoma University,3,2016,n/a,n/a,n/a
441,2,Brock University,3,2016,97.14%,95.04%,0.753
442,3,Carleton University,3,2016,96.64%,93.86%,0.742
443,4,University of Guelph,3,2016,98.33%,91.53%,0.809
444,5,Lakehead University,3,2016,100.00%,97.73%,0.682
445,6,Laurentian University,3,2016,98.24%,97.69%,0.668
446,7,McMaster University,3,2016,95.30%,92.36%,0.888
447,8,Nipissing University,3,2016,97.44%,96.00%,0.687
448,9,OCAD University,3,2016,n/a,n/a,n/a
449,10,University of Ottawa,3,2016,98.79%,94.55%,0.686
450,11,Ontario Tech University,3,2016,91.03%,79.75%,0.658
451,12,Queens University,3,2016,99.01%,97.03%,0.978
452,13,Toronto Metropolitan University,3,2016,93.92%,86.79%,0.757
453,14,University of Toronto,3,2016,96.85%,85.10%,0.793
454,15,Trent University,3,2016,92.31%,61.54%,0.544
455,16,University of Waterloo,3,2016,98.72%,90.32%,0.819
456,17,Western University,3,2016,96.80%,94.40%,0.889
457,18,Wilfrid Laurier University ,3,2016,97.16%,94.15%,0.884
458,19,University of Windsor,3,2016,93.90%,86.75%,0.718
459,20,York University,3,2016,96.17%,87.75%,0.785
460,1,Algoma University,3,2015,n/a,n/a,n/a
461,2,Brock University,3,2015,0.9645,0.9383,0.807
462,3,Carleton University,3,2015,0.9551,0.9267,0.769
463,4,University of Guelph,3,2015,0.9619,0.9319,0.77
464,5,Lakehead University,3,2015,0.8913,0.8636,0.718
465,6,Laurentian University,3,2015,0.9641,0.9532,0.626
466,7,McMaster University,3,2015,0.9682,0.925,0.847
467,8,Nipissing University,3,2015,0.9878,0.9146,0.681
468,9,OCAD University,3,2015,n/a,n/a,n/a
469,10,University of Ottawa,3,2015,0.9636,0.9193,0.711
470,11,Ontario Tech University,3,2015,0.9174,0.7963,0.672
471,12,Queens University,3,2015,0.9765,0.9641,0.931
472,13,Toronto Metropolitan University,3,2015,0.948,0.873,0.741
473,14,University of Toronto,3,2015,0.9618,0.8696,0.794
474,15,Trent University,3,2015,0.898,0.8542,0.629
475,16,University of Waterloo,3,2015,0.9697,0.9312,0.832
476,17,Western University,3,2015,0.9746,0.9029,0.854
477,18,Wilfrid Laurier University ,3,2015,0.9777,0.9393,0.886
478,19,University of Windsor,3,2015,0.9545,0.9222,0.653
479,20,York University,3,2015,0.9306,0.8636,0.799
480,1,Algoma University,3,2014,n/a,n/a,n/a
481,2,Brock University,3,2014,0.9494,0.9103,0.766
482,3,Carleton University,3,2014,0.9342,0.8782,0.783
483,4,University of Guelph,3,2014,0.939,0.9253,0.768
484,5,Lakehead University,3,2014,0.9697,0.9552,0.71
485,6,Laurentian University,3,2014,0.9651,0.9471,0.702
486,7,McMaster University,3,2014,0.975,0.9211,0.836
487,8,Nipissing University,3,2014,0.9406,0.85,0.671
488,9,OCAD University,3,2014,n/a,n/a,n/a
489,10,University of Ottawa,3,2014,0.9765,0.8995,0.7
490,11,Ontario Tech University,3,2014,0.9268,0.825,0.581
491,12,Queens University,3,2014,0.9868,0.9463,0.94
492,13,Toronto Metropolitan University,3,2014,0.9249,0.8592,0.75
493,14,University of Toronto,3,2014,0.9388,0.8447,0.79
494,15,Trent University,3,2014,0.8438,0.8065,0.59
495,16,University of Waterloo,3,2014,0.9939,0.8951,0.791
496,17,Western University,3,2014,0.9711,0.9249,0.861
497,18,Wilfrid Laurier University ,3,2014,0.976,0.9375,0.885
498,19,University of Windsor,3,2014,0.9398,0.8978,0.611
499,20,York University,3,2014,0.9296,0.892,0.766
500,1,Algoma University,3,2013,0.9552,0.8844,n/a
501,2,Brock University,3,2013,0.9503,0.8875,0.708
502,3,Carleton University,3,2013,0.98,0.8671,0.765
503,4,University of Guelph,3,2013,0.9552,0.8844,0.801
504,5,Lakehead University,3,2013,0.9778,0.9767,0.747
505,6,Laurentian University,3,2013,0.9583,0.9585,0.657
506,7,McMaster University,3,2013,0.9578,0.9136,0.844
507,8,Nipissing University,3,2013,0.9462,0.9011,0.739
508,9,OCAD University,3,2013,n/a,n/a,n/a
509,10,University of Ottawa,3,2013,0.9646,0.9045,0.721
510,11,Ontario Tech University,3,2013,0.9151,0.8224,0.628
511,12,Queens University,3,2013,0.9933,0.9726,0.972
512,13,Toronto Metropolitan University,3,2013,0.9283,0.8368,0.713
513,14,University of Toronto,3,2013,0.9565,0.8442,0.761
514,15,Trent University,3,2013,0.9286,0.8596,0.586
515,16,University of Waterloo,3,2013,0.9891,0.8889,0.791
516,17,Western University,3,2013,0.9602,0.9016,0.853
517,18,Wilfrid Laurier University ,3,2013,0.9688,0.9213,0.872
518,19,University of Windsor,3,2013,0.9569,0.8889,0.595
519,20,York University,3,2013,0.9412,0.859,0.828
520,1,Algoma University,3,2012,n/a,n/a,n/a
521,2,Brock University,3,2012,0.9817,0.9369,0.742
522,3,Carleton University,3,2012,0.9708,0.8955,0.743
523,4,University of Guelph,3,2012,0.9692,0.9041,0.775
524,5,Lakehead University,3,2012,0.9512,0.875,0.704
525,6,Laurentian University,3,2012,0.9868,0.9795,0.676
526,7,McMaster University,3,2012,0.9862,0.8993,0.787
527,8,Nipissing University,3,2012,0.96,0.8763,0.707
528,9,OCAD University,3,2012,n/a,n/a,n/a
529,10,University of Ottawa,3,2012,0.9714,0.9328,0.705
530,11,Ontario Tech University,3,2012,0.9888,0.8295,0.708
531,12,Queens University,3,2012,0.967,0.9778,0.927
532,13,Toronto Metropolitan University,3,2012,0.9502,0.8579,0.674
533,14,University of Toronto,3,2012,0.9337,0.8576,0.754
534,15,Trent University,3,2012,0.8056,0.8056,0.64
535,16,University of Waterloo,3,2012,0.958,0.8661,0.774
536,17,Western University,3,2012,0.967,0.9164,0.808
537,18,Wilfrid Laurier University ,3,2012,0.9832,0.9257,0.885
538,19,University of Windsor,3,2012,0.9213,0.809,0.584
539,20,York University,3,2012,0.9495,0.8849,0.766
540,1,Algoma University,3,2011,n/a,n/a,n/a
541,2,Brock University,3,2011,0.9699,0.8947,0.734
542,3,Carleton University,3,2011,0.9649,0.9196,0.784
543,4,University of Guelph,3,2011,0.9602,0.9191,0.809
544,5,Lakehead University,3,2011,0.9592,1,0.722
545,6,Laurentian University,3,2011,0.9718,0.9517,0.717
546,7,McMaster University,3,2011,0.9401,0.8861,0.852
547,8,Nipissing University,3,2011,0.9437,0.8971,0.69
548,9,OCAD University,3,2011,n/a,n/a,n/a
549,10,University of Ottawa,3,2011,0.9693,0.8982,0.77
550,11,Ontario Tech University,3,2011,0.9661,0.8254,0.646
551,12,Queens University,3,2011,0.975,0.9753,0.973
552,13,Toronto Metropolitan University,3,2011,0.9325,0.8654,0.729
553,14,University of Toronto,3,2011,0.9412,0.8488,0.761
554,15,Trent University,3,2011,0.9231,0.963,0.637
555,16,University of Waterloo,3,2011,0.9881,0.869,0.76
556,17,Western University,3,2011,0.9496,0.8926,0.831
557,18,Wilfrid Laurier University ,3,2011,0.9628,0.8824,0.879
558,19,University of Windsor,3,2011,0.8966,0.9518,0.637
559,20,York University,3,2011,0.942,0.8618,0.773
560,1,Algoma University,3,2010,n/a,n/a,n/a
561,2,Brock University,3,2010,0.9444,0.8625,0.837
562,3,Carleton University,3,2010,0.963,0.8889,0.782
563,4,University of Guelph,3,2010,0.9401,0.9141,0.805
564,5,Lakehead University,3,2010,0.9333,0.8936,0.738
565,6,Laurentian University,3,2010,0.9786,0.9643,0.701
566,7,McMaster University,3,2010,0.9412,0.9308,0.891
567,8,Nipissing University,3,2010,0.9672,0.8852,0.753
568,9,OCAD University,3,2010,n/a,n/a,n/a
569,10,University of Ottawa,3,2010,0.978,0.899,0.792
570,11,Ontario Tech University,3,2010,0.9219,0.9688,0.759
571,12,Queens University,3,2010,0.9608,0.9208,0.957
572,13,Toronto Metropolitan University,3,2010,0.9526,0.8682,0.775
573,14,University of Toronto,3,2010,0.917,0.8063,0.818
574,15,Trent University,3,2010,0.9697,0.9063,0.705
575,16,University of Waterloo,3,2010,0.9655,0.9506,0.847
576,17,Western University,3,2010,0.9713,0.8979,0.874
577,18,Wilfrid Laurier University ,3,2010,0.972,0.9237,0.921
578,19,University of Windsor,3,2010,0.9412,0.8333,0.697
579,20,York University,3,2010,0.9349,0.8566,0.759
580,1,Algoma University,3,2009,n/a,n/a,n/a
581,2,Brock University,3,2009,0.9588,0.883,0.76
582,3,Carleton University,3,2009,0.9533,0.8879,0.809
583,4,University of Guelph,3,2009,0.9421,0.9043,0.829
584,5,Lakehead University,3,2009,0.9111,0.9024,0.726
585,6,Laurentian University,3,2009,0.9784,0.9779,0.726
586,7,McMaster University,3,2009,0.9552,0.8871,0.868
587,8,Nipissing University,3,2009,0.9697,0.9394,0.857
588,9,OCAD University,3,2009,n/a,n/a,n/a
589,10,University of Ottawa,3,2009,0.9737,0.9276,0.775
590,11,Ontario Tech University,3,2009,0.9706,0.8358,n/a
591,12,Queens University,3,2009,0.9417,0.913,0.939
592,13,Toronto Metropolitan University,3,2009,0.9468,0.8717,0.754
593,14,University of Toronto,3,2009,0.9402,0.8407,0.837
594,15,Trent University,3,2009,1,1,0.687
595,16,University of Waterloo,3,2009,1,0.9605,0.83
596,17,Western University,3,2009,0.9602,0.8717,0.88
597,18,Wilfrid Laurier University ,3,2009,0.9908,0.9124,0.877
598,19,University of Windsor,3,2009,0.9352,0.7982,0.639
599,20,York University,3,2009,0.942,0.8618,0.773
600,1,Algoma University,3,2008,n/a,n/a,n/a
601,2,Brock University,3,2008,0.9516,0.9344,0.809
602,3,Carleton University,3,2008,0.9848,0.9412,0.79
603,4,University of Guelph,3,2008,0.9371,0.9096,0.796
604,5,Lakehead University,3,2008,0.8824,0.8125,0.75
605,6,Laurentian University,3,2008,0.9437,0.9859,0.734
606,7,McMaster University,3,2008,0.9391,0.9211,0.86
607,8,Nipissing University,3,2008,1,0.9,0.893
608,9,OCAD University,3,2008,n/a,n/a,n/a
609,10,University of Ottawa,3,2008,0.9549,0.9848,0.779
610,11,Ontario Tech University,3,2008,0.9268,0.9767,n/a
611,12,Queens University,3,2008,1,0.9559,0.955
612,13,Toronto Metropolitan University,3,2008,0.9443,0.9276,0.799
613,14,University of Toronto,3,2008,0.9502,0.9076,0.805
614,15,Trent University,3,2008,1,1,0.778
615,16,University of Waterloo,3,2008,0.9636,0.9623,0.788
616,17,Western University,3,2008,0.9551,0.9143,0.812
617,18,Wilfrid Laurier University ,3,2008,0.9866,0.9441,0.891
618,19,University of Windsor,3,2008,0.9351,0.9189,0.619
619,20,York University,3,2008,0.9172,0.8867,0.734
620,1,Algoma University,3,2007,n/a,n/a,n/a
621,2,Brock University,3,2007,0.9407,0.9474,0.744
622,3,Carleton University,3,2007,0.9615,0.9231,0.77
623,4,University of Guelph,3,2007,0.9842,0.9581,0.786
624,5,Lakehead University,3,2007,0.9583,0.9565,0.793
625,6,Laurentian University,3,2007,0.9867,0.9867,0.664
626,7,McMaster University,3,2007,0.9709,0.9515,0.884
627,8,Nipissing University,3,2007,1,0.963,0.741
628,9,OCAD University,3,2007,n/a,n/a,n/a
629,10,University of Ottawa,3,2007,0.9856,0.9706,0.788
630,11,Ontario Tech University,3,2007,0.9821,0.9123,n/a
631,12,Queens University,3,2007,0.9552,0.9853,0.963
632,13,Toronto Metropolitan University,3,2007,0.9557,0.9412,0.783
633,14,University of Toronto,3,2007,0.9654,0.9449,n/a
634,15,Trent University,3,2007,0.9688,0.9375,0.652
635,16,University of Waterloo,3,2007,1,1,0.923
636,17,Western University,3,2007,0.9524,0.9506,0.861
637,18,Wilfrid Laurier University ,3,2007,0.9667,0.9704,0.892
638,19,University of Windsor,3,2007,0.9915,0.9391,0.664
639,20,York University,3,2007,0.9485,0.9345,0.754
640,1,Algoma University,3,2006,n/a,n/a,n/a
641,2,Brock University,3,2006,97.50%,92.10%,0.693
642,3,Carleton University,3,2006,95.74%,89.58%,0.743
643,4,University of Guelph,3,2006,96.74%,97.78%,0.829
644,5,Lakehead University,3,2006,100.00%,94.70%,0.67
645,6,Laurentian University,3,2006,97.62%,97.73%,0.669
646,7,McMaster University,3,2006,98.72%,96.20%,0.839
647,8,Nipissing University,3,2006,92.86%,100.00%,0.741
648,9,OCAD University,3,2006,n/a,n/a,n/a
649,10,University of Ottawa,3,2006,97.83%,96.88%,0.752
650,11,Ontario Tech University,3,2006,n/a,n/a,n/a
651,12,Queens University,3,2006,100.00%,100.00%,0.957
652,13,Toronto Metropolitan University,3,2006,100.00%,100.00%,0.759
653,14,University of Toronto,3,2006,n/a,n/a,0.773
654,15,Trent University,3,2006,100.00%,100.00%,0.842
655,16,University of Waterloo,3,2006,100.00%,100.00%,0.955
656,17,Western University,3,2006,97.17%,97.12%,0.844
657,18,Wilfrid Laurier University ,3,2006,98.35%,97.58%,0.935
658,19,University of Windsor,3,2006,91.53%,96.36%,0.667
659,20,York University,3,2006,95.30%,94.70%,0.728
660,1,Algoma University,3,2005,n/a,n/a,n/a
661,2,Brock University,3,2005,0.964,0.938,0.72
662,3,Carleton University,3,2005,0.9787,0.9583,0.726
663,4,University of Guelph,3,2005,1,1,0.762
664,5,Lakehead University,3,2005,1,0.909,0.684
665,6,Laurentian University,3,2005,1,0.9697,0.708
666,7,McMaster University,3,2005,0.9655,0.9643,0.835
667,8,Nipissing University,3,2005,1,0.9375,0.759
668,9,OCAD University,3,2005,n/a,n/a,n/a
669,10,University of Ottawa,3,2005,0.981,0.9505,0.784
670,11,Ontario Tech University,3,2005,n/a,n/a,n/a
671,12,Queens University,3,2005,0.981,0.979,0.923
672,13,Toronto Metropolitan University,3,2005,0.972,0.951,0.737
673,14,University of Toronto,3,2005,0.979,0.958,0.8
674,15,Trent University,3,2005,0.96,0.963,0.6
675,16,University of Waterloo,3,2005,n/a,n/a,0.951
676,17,Western University,3,2005,0.9794,0.9798,0.804
677,18,Wilfrid Laurier University ,3,2005,0.9906,0.9904,0.912
678,19,University of Windsor,3,2005,0.906,0.881,0.629
679,20,York University,3,2005,0.956,0.922,0.686
680,1,Algoma University,3,2004,n/a,n/a,n/a
681,2,Brock University,3,2004,0.968,0.949,0.662
682,3,Carleton University,3,2004,1,0.93,0.666
683,4,University of Guelph,3,2004,0.986,0.957,0.764
684,5,Lakehead University,3,2004,1,1,0.713
685,6,Laurentian University,3,2004,1,1,0.68
686,7,McMaster University,3,2004,0.947,0.911,0.83
687,8,Nipissing University,3,2004,0.889,0.875,0.654
688,9,OCAD University,3,2004,n/a,n/a,n/a
689,10,University of Ottawa,3,2004,0.987,0.987,0.748
690,11,Ontario Tech University,3,2004,n/a,n/a,n/a
691,12,Queens University,3,2004,0.981,1,0.963
692,13,Toronto Metropolitan University,3,2004,0.967,0.914,0.687
693,14,University of Toronto,3,2004,0.993,0.927,0.796
694,15,Trent University,3,2004,1,1,0.514
695,16,University of Waterloo,3,2004,1,1,0.976
696,17,Western University,3,2004,0.966,0.963,0.775
697,18,Wilfrid Laurier University ,3,2004,0.983,0.975,0.891
698,19,University of Windsor,3,2004,0.986,0.957,0.679
699,20,York University,3,2004,0.938,0.936,0.691
700,1,Algoma University,3,2003,n/a,n/a,n/a
701,2,Brock University,3,2003,n/a,n/a,0.73
702,3,Carleton University,3,2003,n/a,n/a,0.666
703,4,University of Guelph,3,2003,n/a,n/a,0.735
704,5,Lakehead University,3,2003,n/a,n/a,0.667
705,6,Laurentian University,3,2003,0.984,0.951,0.634
706,7,McMaster University,3,2003,n/a,n/a,0.778
707,8,Nipissing University,3,2003,n/a,n/a,0.647
708,9,OCAD University,3,2003,n/a,n/a,n/a
709,10,University of Ottawa,3,2003,n/a,n/a,0.728
710,11,Ontario Tech University,3,2003,n/a,n/a,n/a
711,12,Queens University,3,2003,n/a,n/a,0.963
712,13,Toronto Metropolitan University,3,2003,n/a,n/a,0.617
713,14,University of Toronto,3,2003,n/a,n/a,0.78
714,15,Trent University,3,2003,n/a,n/a,0.514
715,16,University of Waterloo,3,2003,n/a,n/a,0.926
716,17,Western University,3,2003,n/a,n/a,0.819
717,18,Wilfrid Laurier University ,3,2003,n/a,n/a,0.892
718,19,University of Windsor,3,2003,n/a,n/a,0.589
719,20,York University,3,2003,n/a,n/a,0.734
720,1,Algoma University,4,2020,n/a,n/a,n/a
721,2,Brock University,4,2020,0.9286,0.5,0.429
722,3,Carleton University,4,2020,0.9725,0.8868,0.565
723,4,University of Guelph,4,2020,0.9394,0.7941,0.642
724,5,Lakehead University,4,2020,n/a,n/a,0.556
725,6,Laurentian University,4,2020,0.875,0.875,0.444
726,7,McMaster University,4,2020,1,0.8889,n/a
727,8,Nipissing University,4,2020,n/a,n/a,0.333
728,9,OCAD University,4,2020,n/a,n/a,n/a
729,10,University of Ottawa,4,2020,0.8621,0.7586,0.397
730,11,Ontario Tech University,4,2020,0.9184,0.66,0.531
731,12,Queens University,4,2020,0.9048,0.8529,1
732,13,Toronto Metropolitan University,4,2020,0.878,0.814,0.68
733,14,University of Toronto,4,2020,0.9662,0.8528,n/a
734,15,Trent University,4,2020,0.9231,0.5833,0.481
735,16,University of Waterloo,4,2020,0.9879,0.9038,0.865
736,17,Western University,4,2020,0.973,0.8824,n/a
737,18,Wilfrid Laurier University ,4,2020,0.9318,0.675,0.5
738,19,University of Windsor,4,2020,0.8919,0.6471,0.614
739,20,York University,4,2020,0.9219,0.6769,0.547
740,1,Algoma University,4,2019,n/a,n/a,n/a
741,2,Brock University,4,2019,1,1,0.491
742,3,Carleton University,4,2019,0.9625,0.9012,0.559
743,4,University of Guelph,4,2019,0.9583,0.96,0.627
744,5,Lakehead University,4,2019,1,1,0.556
745,6,Laurentian University,4,2019,n/a,n/a,0.308
746,7,McMaster University,4,2019,0.9286,0.9231,n/a
747,8,Nipissing University,4,2019,n/a,n/a,0.333
748,9,OCAD University,4,2019,n/a,n/a,n/a
749,10,University of Ottawa,4,2019,1,0.9286,0.46
750,11,Ontario Tech University,4,2019,0.9318,0.814,0.476
751,12,Queens University,4,2019,1,0.9722,n/a
752,13,Toronto Metropolitan University,4,2019,0.9756,0.8293,0.553
753,14,University of Toronto,4,2019,0.963,0.8913,n/a
754,15,Trent University,4,2019,0.8462,0.9167,0.75
755,16,University of Waterloo,4,2019,0.9846,0.9141,0.752
756,17,Western University,4,2019,0.9706,0.8966,n/a
757,18,Wilfrid Laurier University ,4,2019,0.8,0.8462,0.393
758,19,University of Windsor,4,2019,0.9655,0.7857,0.633
759,20,York University,4,2019,0.8636,0.7778,0.588
760,1,Algoma University,4,2018,n/a,n/a,n/a
761,2,Brock University,4,2018,0.9,0.9,0.426
762,3,Carleton University,4,2018,0.9574,0.8776,0.573
763,4,University of Guelph,4,2018,0.9643,1,0.683
764,5,Lakehead University,4,2018,1,1,0.375
765,6,Laurentian University,4,2018,n/a,n/a,n/a
766,7,McMaster University,4,2018,0.9412,0.8235,n/a
767,8,Nipissing University,4,2018,1,1,0.5
768,9,OCAD University,4,2018,n/a,n/a,n/a
769,10,University of Ottawa,4,2018,0.8889,1,0.575
770,11,Ontario Tech University,4,2018,0.8611,0.8611,0.578
771,12,Queens University,4,2018,0.871,0.9355,n/a
772,13,Toronto Metropolitan University,4,2018,0.9149,0.913,0.587
773,14,University of Toronto,4,2018,n/a,n/a,n/a
774,15,Trent University,4,2018,0.875,0.875,0.5
775,16,University of Waterloo,4,2018,0.9574,0.8842,0.787
776,17,Western University,4,2018,0.9,0.903,n/a
777,18,Wilfrid Laurier University ,4,2018,0.8571,0.8519,0.449
778,19,University of Windsor,4,2018,0.8571,0.8,0.667
779,20,York University,4,2018,0.9268,0.881,0.544
780,1,Algoma University,4,2017,n/a,n/a,n/a
781,2,Brock University,4,2017,1,1,0.561
782,3,Carleton University,4,2017,0.9556,0.907,0.602
783,4,University of Guelph,4,2017,0.9643,0.8929,0.542
784,5,Lakehead University,4,2017,1,n/a,0.421
785,6,Laurentian University,4,2017,n/a,n/a,0.625
786,7,McMaster University,4,2017,1,0.9444,n/a
787,8,Nipissing University,4,2017,n/a,n/a,0.5
788,9,OCAD University,4,2017,n/a,n/a,n/a
789,10,University of Ottawa,4,2017,1,0.875,0.371
790,11,Ontario Tech University,4,2017,0.9714,0.8649,0.589
791,12,Queens University,4,2017,0.9583,0.9091,n/a
792,13,Toronto Metropolitan University,4,2017,0.8947,0.7895,0.568
793,14,University of Toronto,4,2017,0.9508,0.8814,n/a
794,15,Trent University,4,2017,1,1,0.83
795,16,University of Waterloo,4,2017,0.9733,0.9474,0.78
796,17,Western University,4,2017,1,0.905,n/a
797,18,Wilfrid Laurier University ,4,2017,0.9231,0.6667,0.556
798,19,University of Windsor,4,2017,0.875,0.9565,0.709
799,20,York University,4,2017,0.9286,0.9268,0.488
800,1,Algoma University,4,2016,n/a,n/a,n/a
801,2,Brock University,4,2016,0.8,0.8333,46.90%
802,3,Carleton University,4,2016,0.9767,0.9302,50.60%
803,4,University of Guelph,4,2016,1,1,64.70%
804,5,Lakehead University,4,2016,n/a,n/a,50.00%
805,6,Laurentian University,4,2016,1,1,58.30%
806,7,McMaster University,4,2016,1,0.875,n/a
807,8,Nipissing University,4,2016,1,0.75,50.00%
808,9,OCAD University,4,2016,n/a,n/a,n/a
809,10,University of Ottawa,4,2016,1,1,41.50%
810,11,Ontario Tech University,4,2016,0.9189,0.641,58.50%
811,12,Queens University,4,2016,1,0.9091,n/a
812,13,Toronto Metropolitan University,4,2016,1,0.8571,53.60%
813,14,University of Toronto,4,2016,0.9821,0.8378,n/a
814,15,Trent University,4,2016,1,0.9,100.00%
815,16,University of Waterloo,4,2016,0.9775,0.9302,75.90%
816,17,Western University,4,2016,0.9286,0.7143,n/a
817,18,Wilfrid Laurier University ,4,2016,1,0.8571,54.20%
818,19,University of Windsor,4,2016,0.8929,0.6786,71.70%
819,20,York University,4,2016,0.9744,0.8684,52.90%
820,1,Algoma University,4,2015,n/a,n/a,n/a
821,2,Brock University,4,2015,0.9167,0.9167,62.30%
822,3,Carleton University,4,2015,0.96,0.875,66.70%
823,4,University of Guelph,4,2015,1,0.7857,61.70%
824,5,Lakehead University,4,2015,1,1,70.60%
825,6,Laurentian University,4,2015,1,0.6,55.60%
826,7,McMaster University,4,2015,1,0.95,52.90%
827,8,Nipissing University,4,2015,n/a,n/a,66.70%
828,9,OCAD University,4,2015,n/a,n/a,n/a
829,10,University of Ottawa,4,2015,1,0.7143,64.90%
830,11,Ontario Tech University,4,2015,0.9259,0.8824,62.70%
831,12,Queens University,4,2015,0.9697,0.8125,n/a
832,13,Toronto Metropolitan University,4,2015,0.8571,0.9231,67.20%
833,14,University of Toronto,4,2015,0.918,0.9153,100.00%
834,15,Trent University,4,2015,1,1,n/a
835,16,University of Waterloo,4,2015,0.982,0.9439,69.40%
836,17,Western University,4,2015,1,1,n/a
837,18,Wilfrid Laurier University ,4,2015,1,0.9,40.60%
838,19,University of Windsor,4,2015,0.9167,0.8095,58.80%
839,20,York University,4,2015,0.9804,0.8302,53.20%
840,1,Algoma University,4,2014,n/a,n/a,n/a
841,2,Brock University,4,2014,1,0.8462,52.90%
842,3,Carleton University,4,2014,0.9574,0.9184,48.70%
843,4,University of Guelph,4,2014,1,1,68.20%
844,5,Lakehead University,4,2014,1,1,92.00%
845,6,Laurentian University,4,2014,0.75,0.8571,54.50%
846,7,McMaster University,4,2014,0.9,1,n/a
847,8,Nipissing University,4,2014,1,1,50.00%
848,9,OCAD University,4,2014,n/a,n/a,n/a
849,10,University of Ottawa,4,2014,0.8889,0.8,57.00%
850,11,Ontario Tech University,4,2014,0.9474,0.8462,51.20%
851,12,Queens University,4,2014,0.9,0.9474,n/a
852,13,Toronto Metropolitan University,4,2014,0.9231,0.8462,66.00%
853,14,University of Toronto,4,2014,0.9219,0.9254,70.00%
854,15,Trent University,4,2014,0.75,1,n/a
855,16,University of Waterloo,4,2014,0.9921,0.9609,70.40%
856,17,Western University,4,2014,1,0.8462,n/a
857,18,Wilfrid Laurier University ,4,2014,0.9,0.8182,61.50%
858,19,University of Windsor,4,2014,1,0.9545,61.10%
859,20,York University,4,2014,0.9273,0.7885,59.90%
860,1,Algoma University,4,2013,1,1,n/a
861,2,Brock University,4,2013,1,0.8,42.50%
862,3,Carleton University,4,2013,0.875,0.8824,59.20%
863,4,University of Guelph,4,2013,1,1,58.80%
864,5,Lakehead University,4,2013,1,n/a,72.70%
865,6,Laurentian University,4,2013,n/a,n/a,58.30%
866,7,McMaster University,4,2013,1,1,n/a
867,8,Nipissing University,4,2013,n/a,n/a,50.00%
868,9,OCAD University,4,2013,n/a,n/a,n/a
869,10,University of Ottawa,4,2013,1,0.8462,57.10%
870,11,Ontario Tech University,4,2013,0.9362,0.913,59.60%
871,12,Queens University,4,2013,1,0.8095,100.00%
872,13,Toronto Metropolitan University,4,2013,0.963,0.9643,53.10%
873,14,University of Toronto,4,2013,0.9538,0.9846,66.00%
874,15,Trent University,4,2013,n/a,n/a,n/a
875,16,University of Waterloo,4,2013,1,0.9592,70.90%
876,17,Western University,4,2013,1,0.8462,n/a
877,18,Wilfrid Laurier University ,4,2013,1,0.9167,46.00%
878,19,University of Windsor,4,2013,0.9444,0.8889,65.10%
879,20,York University,4,2013,0.931,0.8246,49.60%
880,1,Algoma University,4,2012,n/a,n/a,n/a
881,2,Brock University,4,2012,1,1,58.30%
882,3,Carleton University,4,2012,0.9706,0.9706,74.60%
883,4,University of Guelph,4,2012,1,1,73.50%
884,5,Lakehead University,4,2012,n/a,n/a,63.60%
885,6,Laurentian University,4,2012,n/a,n/a,57.10%
886,7,McMaster University,4,2012,n/a,n/a,n/a
887,8,Nipissing University,4,2012,n/a,n/a,66.70%
888,9,OCAD University,4,2012,n/a,n/a,n/a
889,10,University of Ottawa,4,2012,0.9286,0.8462,56.30%
890,11,Ontario Tech University,4,2012,0.9167,0.8286,62.50%
891,12,Queens University,4,2012,0.7273,0.7778,78.80%
892,13,Toronto Metropolitan University,4,2012,0.9524,0.8,46.50%
893,14,University of Toronto,4,2012,1,0.8667,66.70%
894,15,Trent University,4,2012,n/a,n/a,n/a
895,16,University of Waterloo,4,2012,1,0.951,75.60%
896,17,Western University,4,2012,0.9091,0.8182,n/a
897,18,Wilfrid Laurier University ,4,2012,0.8571,n/a,54.50%
898,19,University of Windsor,4,2012,1,0.9444,52.60%
899,20,York University,4,2012,0.9063,0.8485,53.80%
900,1,Algoma University,4,2011,n/a,n/a,n/a
901,2,Brock University,4,2011,1,1,52.30%
902,3,Carleton University,4,2011,1,0.9688,60.30%
903,4,University of Guelph,4,2011,0.9286,1,59.50%
904,5,Lakehead University,4,2011,n/a,n/a,63.60%
905,6,Laurentian University,4,2011,n/a,n/a,65.20%
906,7,McMaster University,4,2011,n/a,n/a,n/a
907,8,Nipissing University,4,2011,n/a,n/a,n/a
908,9,OCAD University,4,2011,n/a,n/a,n/a
909,10,University of Ottawa,4,2011,1,1,43.50%
910,11,Ontario Tech University,4,2011,0.9286,0.7143,n/a
911,12,Queens University,4,2011,1,0.9333,85.30%
912,13,Toronto Metropolitan University,4,2011,0.9524,0.8571,62.90%
913,14,University of Toronto,4,2011,1,0.9167,73.70%
914,15,Trent University,4,2011,n/a,n/a,n/a
915,16,University of Waterloo,4,2011,1,0.96,70.10%
916,17,Western University,4,2011,1,0.9167,n/a
917,18,Wilfrid Laurier University ,4,2011,1,n/a,56.70%
918,19,University of Windsor,4,2011,0.9583,0.8214,48.10%
919,20,York University,4,2011,0.9722,0.8571,65.40%
920,1,Algoma University,4,2010,n/a,n/a,n/a
921,2,Brock University,4,2010,0.9167,1,58.80%
922,3,Carleton University,4,2010,0.9667,1,51.80%
923,4,University of Guelph,4,2010,1,0.8947,71.70%
924,5,Lakehead University,4,2010,1,n/a,54.50%
925,6,Laurentian University,4,2010,0.9,0.9,61.50%
926,7,McMaster University,4,2010,1,n/a,n/a
927,8,Nipissing University,4,2010,n/a,n/a,80.00%
928,9,OCAD University,4,2010,n/a,n/a,n/a
929,10,University of Ottawa,4,2010,n/a,n/a,46.00%
930,11,Ontario Tech University,4,2010,0.9091,0.8636,n/a
931,12,Queens University,4,2010,1,0.8889,85.80%
932,13,Toronto Metropolitan University,4,2010,0.88,0.875,68.80%
933,14,University of Toronto,4,2010,0.8947,0.8,82.50%
934,15,Trent University,4,2010,0.8,1,53.80%
935,16,University of Waterloo,4,2010,0.978,0.9529,80.20%
936,17,Western University,4,2010,1,1,n/a
937,18,Wilfrid Laurier University ,4,2010,1,0.9091,76.70%
938,19,University of Windsor,4,2010,1,0.8824,67.00%
939,20,York University,4,2010,0.9487,0.8421,65.40%
940,1,Algoma University,4,2009,n/a,n/a,n/a
941,2,Brock University,4,2009,n/a,n/a,73.70%
942,3,Carleton University,4,2009,1,0.7778,66.00%
943,4,University of Guelph,4,2009,0.9643,1,55.60%
944,5,Lakehead University,4,2009,n/a,n/a,72.20%
945,6,Laurentian University,4,2009,0.875,0.875,40.90%
946,7,McMaster University,4,2009,1,n/a,n/a
947,8,Nipissing University,4,2009,n/a,n/a,100.00%
948,9,OCAD University,4,2009,n/a,n/a,n/a
949,10,University of Ottawa,4,2009,0.8571,0.8571,74.20%
950,11,Ontario Tech University,4,2009,0.9333,0.7,n/a
951,12,Queens University,4,2009,1,0.9333,79.50%
952,13,Toronto Metropolitan University,4,2009,0.9583,0.88,68.80%
953,14,University of Toronto,4,2009,0.9818,0.8545,82.00%
954,15,Trent University,4,2009,n/a,n/a,66.70%
955,16,University of Waterloo,4,2009,0.9884,0.9036,82.80%
956,17,Western University,4,2009,1,0.9167,n/a
957,18,Wilfrid Laurier University ,4,2009,0.8889,0.8889,65.90%
958,19,University of Windsor,4,2009,0.85,0.6471,55.40%
959,20,York University,4,2009,0.9722,0.8571,65.40%
960,1,Algoma University,4,2008,n/a,n/a,n/a
961,2,Brock University,4,2008,1,0.8889,62.50%
962,3,Carleton University,4,2008,1,1,59.10%
963,4,University of Guelph,4,2008,1,0.9565,67.50%
964,5,Lakehead University,4,2008,n/a,n/a,81.30%
965,6,Laurentian University,4,2008,1,0.8571,48.60%
966,7,McMaster University,4,2008,n/a,n/a,n/a
967,8,Nipissing University,4,2008,n/a,n/a,88.30%
968,9,OCAD University,4,2008,n/a,n/a,n/a
969,10,University of Ottawa,4,2008,n/a,n/a,57.10%
970,11,Ontario Tech University,4,2008,n/a,n/a,n/a
971,12,Queens University,4,2008,1,0.7368,80.40%
972,13,Toronto Metropolitan University,4,2008,1,0.9643,74.30%
973,14,University of Toronto,4,2008,0.9545,0.9375,85.70%
974,15,Trent University,4,2008,n/a,n/a,71.40%
975,16,University of Waterloo,4,2008,0.954,0.9375,86.00%
976,17,Western University,4,2008,0.9286,0.9286,n/a
977,18,Wilfrid Laurier University ,4,2008,n/a,n/a,62.90%
978,19,University of Windsor,4,2008,1,0.8571,57.90%
979,20,York University,4,2008,0.9216,0.902,61.10%
980,1,Algoma University,4,2007,n/a,n/a,n/a
981,2,Brock University,4,2007,0.9231,0.9231,58.50%
982,3,Carleton University,4,2007,0.9048,0.9524,61.30%
983,4,University of Guelph,4,2007,1,0.8571,69.50%
984,5,Lakehead University,4,2007,n/a,n/a,75.00%
985,6,Laurentian University,4,2007,1,1,54.20%
986,7,McMaster University,4,2007,n/a,n/a,n/a
987,8,Nipissing University,4,2007,1,n/a,n/a
988,9,OCAD University,4,2007,n/a,n/a,n/a
989,10,University of Ottawa,4,2007,1,0.9286,58.10%
990,11,Ontario Tech University,4,2007,n/a,n/a,n/a
991,12,Queens University,4,2007,1,0.875,81.10%
992,13,Toronto Metropolitan University,4,2007,1,0.9524,65.50%
993,14,University of Toronto,4,2007,0.9552,0.9403,n/a
994,15,Trent University,4,2007,n/a,n/a,n/a
995,16,University of Waterloo,4,2007,1,0.9756,88.40%
996,17,Western University,4,2007,1,0.75,n/a
997,18,Wilfrid Laurier University ,4,2007,0.8889,1,63.30%
998,19,University of Windsor,4,2007,1,1,61.80%
999,20,York University,4,2007,0.8519,0.9434,60.80%
1000,1,Algoma University,4,2006,n/a,n/a,n/a
1001,2,Brock University,4,2006,0.667,0.778,62.90%
1002,3,Carleton University,4,2006,1,0.9375,56.70%
1003,4,University of Guelph,4,2006,1,0.9333,64.40%
1004,5,Lakehead University,4,2006,n/a,n/a,71.40%
1005,6,Laurentian University,4,2006,n/a,n/a,41.20%
1006,7,McMaster University,4,2006,n/a,n/a,n/a
1007,8,Nipissing University,4,2006,n/a,n/a,n/a
1008,9,OCAD University,4,2006,n/a,n/a,n/a
1009,10,University of Ottawa,4,2006,0.9091,0.9,53.90%
1010,11,Ontario Tech University,4,2006,n/a,n/a,n/a
1011,12,Queens University,4,2006,0.909,0.875,82.30%
1012,13,Toronto Metropolitan University,4,2006,n/a,n/a,65.50%
1013,14,University of Toronto,4,2006,n/a,n/a,n/a
1014,15,Trent University,4,2006,n/a,n/a,42.90%
1015,16,University of Waterloo,4,2006,0.976,0.976,82.80%
1016,17,Western University,4,2006,1,0.8889,n/a
1017,18,Wilfrid Laurier University ,4,2006,1,n/a,65.90%
1018,19,University of Windsor,4,2006,0.9091,0.9167,62.80%
1019,20,York University,4,2006,0.979,0.913,56.20%
1020,1,Algoma University,4,2005,n/a,n/a,n/a
1021,2,Brock University,4,2005,1,1,54.20%
1022,3,Carleton University,4,2005,0.9524,0.9091,62.40%
1023,4,University of Guelph,4,2005,1,1,63.60%
1024,5,Lakehead University,4,2005,n/a,n/a,40.00%
1025,6,Laurentian University,4,2005,n/a,n/a,69.70%
1026,7,McMaster University,4,2005,1,0.875,n/a
1027,8,Nipissing University,4,2005,n/a,n/a,n/a
1028,9,OCAD University,4,2005,n/a,n/a,n/a
1029,10,University of Ottawa,4,2005,1,0.9091,63.30%
1030,11,Ontario Tech University,4,2005,n/a,n/a,n/a
1031,12,Queens University,4,2005,1,1,71.40%
1032,13,Toronto Metropolitan University,4,2005,0.952,0.909,67.90%
1033,14,University of Toronto,4,2005,1,1,75.30%
1034,15,Trent University,4,2005,n/a,n/a,75.00%
1035,16,University of Waterloo,4,2005,0.965,0.989,86.60%
1036,17,Western University,4,2005,1,1,n/a
1037,18,Wilfrid Laurier University ,4,2005,1,1,57.50%
1038,19,University of Windsor,4,2005,0.857,0.727,63.70%
1039,20,York University,4,2005,1,0.896,50.00%
1040,1,Algoma University,4,2004,n/a,n/a,n/a
1041,2,Brock University,4,2004,0.75,0.75,47.00%
1042,3,Carleton University,4,2004,1,0.815,55.80%
1043,4,University of Guelph,4,2004,1,1,67.90%
1044,5,Lakehead University,4,2004,n/a,n/a,64.10%
1045,6,Laurentian University,4,2004,n/a,n/a,42.90%
1046,7,McMaster University,4,2004,n/a,n/a,n/a
1047,8,Nipissing University,4,2004,n/a,n/a,n/a
1048,9,OCAD University,4,2004,n/a,n/a,n/a
1049,10,University of Ottawa,4,2004,1,0.875,59.80%
1050,11,Ontario Tech University,4,2004,n/a,n/a,n/a
1051,12,Queens University,4,2004,0.85,0.923,74.30%
1052,13,Toronto Metropolitan University,4,2004,0.964,0.852,57.40%
1053,14,University of Toronto,4,2004,0.97,0.771,77.50%
1054,15,Trent University,4,2004,1,1,61.50%
1055,16,University of Waterloo,4,2004,0.974,0.936,78.40%
1056,17,Western University,4,2004,0.938,0.857,n/a
1057,18,Wilfrid Laurier University ,4,2004,1,1,43.20%
1058,19,University of Windsor,4,2004,0.913,0.81,59.80%
1059,20,York University,4,2004,0.932,0.85,58.40%
1060,1,Algoma University,4,2003,n/a,n/a,n/a
1061,2,Brock University,4,2003,n/a,n/a,31.10%
1062,3,Carleton University,4,2003,n/a,n/a,55.80%
1063,4,University of Guelph,4,2003,n/a,n/a,72.70%
1064,5,Lakehead University,4,2003,n/a,n/a,52.80%
1065,6,Laurentian University,4,2003,0.89,0.813,22.20%
1066,7,McMaster University,4,2003,n/a,n/a,n/a
1067,8,Nipissing University,4,2003,n/a,n/a,n/a
1068,9,OCAD University,4,2003,n/a,n/a,n/a
1069,10,University of Ottawa,4,2003,n/a,n/a,50.00%
1070,11,Ontario Tech University,4,2003,n/a,n/a,n/a
1071,12,Queens University,4,2003,n/a,n/a,74.30%
1072,13,Toronto Metropolitan University,4,2003,n/a,n/a,60.20%
1073,14,University of Toronto,4,2003,n/a,n/a,70.00%
1074,15,Trent University,4,2003,n/a,n/a,61.50%
1075,16,University of Waterloo,4,2003,n/a,n/a,76.30%
1076,17,Western University,4,2003,n/a,n/a,n/a
1077,18,Wilfrid Laurier University ,4,2003,n/a,n/a,60.90%
1078,19,University of Windsor,4,2003,n/a,n/a,65.30%
1079,20,York University,4,2003,n/a,n/a,56.90%
