NOC Code,NOC Occupation,ds,Employment (Persons in Thousands),3-Month Moving Average,3-Month Moving SD,Lower Band,Upper Band
112,Professional occupations in business,2000-01-01,74.4,74.4,,,
112,Professional occupations in business,2000-02-01,74.6,74.5,0.141,74.218,74.782
112,Professional occupations in business,2000-03-01,70.1,73.033,2.542,67.949,78.117
112,Professional occupations in business,2000-04-01,69.2,71.3,2.893,65.514,77.086
112,Professional occupations in business,2000-05-01,69.5,69.6,0.458,68.684,70.516
112,Professional occupations in business,2000-06-01,73.7,70.8,2.516,65.768,75.832
112,Professional occupations in business,2000-07-01,76.2,73.133,3.386,66.361,79.905
112,Professional occupations in business,2000-08-01,74.7,74.867,1.258,72.351,77.383
112,Professional occupations in business,2000-09-01,66.0,72.3,5.507,61.286,83.314
112,Professional occupations in business,2000-10-01,77.5,72.733,5.997,60.739,84.727
112,Professional occupations in business,2000-11-01,69.1,70.867,5.95,58.967,82.767
112,Professional occupations in business,2000-12-01,79.3,75.3,5.444,64.412,86.188
112,Professional occupations in business,2001-01-01,79.0,75.8,5.804,64.192,87.408
112,Professional occupations in business,2001-02-01,76.2,78.167,1.71,74.747,81.587
112,Professional occupations in business,2001-03-01,80.8,78.667,2.318,74.031,83.303
112,Professional occupations in business,2001-04-01,81.5,79.5,2.879,73.742,85.258
112,Professional occupations in business,2001-05-01,79.5,80.6,1.015,78.57,82.63
112,Professional occupations in business,2001-06-01,70.9,77.3,5.632,66.036,88.564
112,Professional occupations in business,2001-07-01,81.5,77.3,5.632,66.036,88.564
112,Professional occupations in business,2001-08-01,75.4,75.933,5.32,65.293,86.573
112,Professional occupations in business,2001-09-01,71.4,76.1,5.086,65.928,86.272
112,Professional occupations in business,2001-10-01,76.6,74.467,2.723,69.021,79.913
112,Professional occupations in business,2001-11-01,78.0,75.333,3.478,68.377,82.289
112,Professional occupations in business,2001-12-01,81.4,78.667,2.468,73.731,83.603
112,Professional occupations in business,2002-01-01,69.9,76.433,5.908,64.617,88.249
112,Professional occupations in business,2002-02-01,75.9,75.733,5.752,64.229,87.237
112,Professional occupations in business,2002-03-01,85.7,77.167,7.976,61.215,93.119
112,Professional occupations in business,2002-04-01,87.4,83.0,6.207,70.586,95.414
112,Professional occupations in business,2002-05-01,90.1,87.733,2.219,83.295,92.171
112,Professional occupations in business,2002-06-01,96.0,91.167,4.398,82.371,99.963
112,Professional occupations in business,2002-07-01,98.9,95.0,4.484,86.032,103.968
112,Professional occupations in business,2002-08-01,92.6,95.833,3.153,89.527,102.139
112,Professional occupations in business,2002-09-01,91.7,94.4,3.923,86.554,102.246
112,Professional occupations in business,2002-10-01,91.8,92.033,0.493,91.047,93.019
112,Professional occupations in business,2002-11-01,96.8,93.433,2.916,87.601,99.265
112,Professional occupations in business,2002-12-01,93.2,93.933,2.579,88.775,99.091
112,Professional occupations in business,2003-01-01,85.7,91.9,5.663,80.574,103.226
112,Professional occupations in business,2003-02-01,85.7,88.2,4.33,79.54,96.86
112,Professional occupations in business,2003-03-01,82.5,84.633,1.848,80.937,88.329
112,Professional occupations in business,2003-04-01,94.1,87.433,5.991,75.451,99.415
112,Professional occupations in business,2003-05-01,89.9,88.833,5.873,77.087,100.579
112,Professional occupations in business,2003-06-01,94.7,92.9,2.615,87.67,98.13
112,Professional occupations in business,2003-07-01,85.8,90.133,4.455,81.223,99.043
112,Professional occupations in business,2003-08-01,92.8,91.1,4.687,81.726,100.474
112,Professional occupations in business,2003-09-01,95.3,91.3,4.924,81.452,101.148
112,Professional occupations in business,2003-10-01,90.2,92.767,2.55,87.667,97.867
112,Professional occupations in business,2003-11-01,93.5,93.0,2.587,87.826,98.174
112,Professional occupations in business,2003-12-01,89.1,90.933,2.29,86.353,95.513
112,Professional occupations in business,2004-01-01,95.8,92.8,3.404,85.992,99.608
112,Professional occupations in business,2004-02-01,93.9,92.933,3.453,86.027,99.839
112,Professional occupations in business,2004-03-01,93.6,94.433,1.193,92.047,96.819
112,Professional occupations in business,2004-04-01,88.3,91.933,3.15,85.633,98.233
112,Professional occupations in business,2004-05-01,93.6,91.833,3.06,85.713,97.953
112,Professional occupations in business,2004-06-01,96.8,92.9,4.293,84.314,101.486
112,Professional occupations in business,2004-07-01,101.2,97.2,3.816,89.568,104.832
112,Professional occupations in business,2004-08-01,92.1,96.7,4.551,87.598,105.802
112,Professional occupations in business,2004-09-01,87.5,93.6,6.972,79.656,107.544
112,Professional occupations in business,2004-10-01,92.9,90.833,2.914,85.005,96.661
112,Professional occupations in business,2004-11-01,91.2,90.533,2.761,85.011,96.055
112,Professional occupations in business,2004-12-01,75.4,86.5,9.65,67.2,105.8
112,Professional occupations in business,2005-01-01,77.0,81.2,8.697,63.806,98.594
112,Professional occupations in business,2005-02-01,94.7,82.367,10.711,60.945,103.789
112,Professional occupations in business,2005-03-01,91.4,87.7,9.412,68.876,106.524
112,Professional occupations in business,2005-04-01,91.4,92.5,1.905,88.69,96.31
112,Professional occupations in business,2005-05-01,87.3,90.033,2.367,85.299,94.767
112,Professional occupations in business,2005-06-01,91.1,89.933,2.285,85.363,94.503
112,Professional occupations in business,2005-07-01,90.3,89.567,2.003,85.561,93.573
112,Professional occupations in business,2005-08-01,85.9,89.1,2.8,83.5,94.7
112,Professional occupations in business,2005-09-01,89.6,88.6,2.364,83.872,93.328
112,Professional occupations in business,2005-10-01,103.6,93.033,9.336,74.361,111.705
112,Professional occupations in business,2005-11-01,95.5,96.233,7.029,82.175,110.291
112,Professional occupations in business,2005-12-01,87.8,95.633,7.901,79.831,111.435
112,Professional occupations in business,2006-01-01,96.7,93.333,4.829,83.675,102.991
112,Professional occupations in business,2006-02-01,88.3,90.933,5.0,80.933,100.933
112,Professional occupations in business,2006-03-01,87.6,90.867,5.064,80.739,100.995
112,Professional occupations in business,2006-04-01,90.9,88.933,1.739,85.455,92.411
112,Professional occupations in business,2006-05-01,92.3,90.267,2.413,85.441,95.093
112,Professional occupations in business,2006-06-01,89.8,91.0,1.253,88.494,93.506
112,Professional occupations in business,2006-07-01,87.1,89.733,2.601,84.531,94.935
112,Professional occupations in business,2006-08-01,85.8,87.567,2.04,83.487,91.647
112,Professional occupations in business,2006-09-01,86.0,86.3,0.7,84.9,87.7
112,Professional occupations in business,2006-10-01,80.4,84.067,3.177,77.713,90.421
112,Professional occupations in business,2006-11-01,81.9,82.767,2.899,76.969,88.565
112,Professional occupations in business,2006-12-01,82.4,81.567,1.041,79.485,83.649
112,Professional occupations in business,2007-01-01,82.5,82.267,0.321,81.625,82.909
112,Professional occupations in business,2007-02-01,89.6,84.833,4.128,76.577,93.089
112,Professional occupations in business,2007-03-01,92.0,88.033,4.94,78.153,97.913
112,Professional occupations in business,2007-04-01,89.3,90.3,1.48,87.34,93.26
112,Professional occupations in business,2007-05-01,86.2,89.167,2.902,83.363,94.971
112,Professional occupations in business,2007-06-01,93.3,89.6,3.559,82.482,96.718
112,Professional occupations in business,2007-07-01,90.1,89.867,3.556,82.755,96.979
112,Professional occupations in business,2007-08-01,95.6,93.0,2.762,87.476,98.524
112,Professional occupations in business,2007-09-01,89.6,91.767,3.329,85.109,98.425
112,Professional occupations in business,2007-10-01,95.6,93.6,3.464,86.672,100.528
112,Professional occupations in business,2007-11-01,94.7,93.3,3.236,86.828,99.772
112,Professional occupations in business,2007-12-01,94.1,94.8,0.755,93.29,96.31
112,Professional occupations in business,2008-01-01,96.2,95.0,1.082,92.836,97.164
112,Professional occupations in business,2008-02-01,94.1,94.8,1.212,92.376,97.224
112,Professional occupations in business,2008-03-01,92.8,94.367,1.716,90.935,97.799
112,Professional occupations in business,2008-04-01,100.2,95.7,3.951,87.798,103.602
112,Professional occupations in business,2008-05-01,105.9,99.633,6.568,86.497,112.769
112,Professional occupations in business,2008-06-01,103.4,103.167,2.857,97.453,108.881
112,Professional occupations in business,2008-07-01,107.9,105.733,2.255,101.223,110.243
112,Professional occupations in business,2008-08-01,122.6,111.3,10.041,91.218,131.382
112,Professional occupations in business,2008-09-01,118.6,116.367,7.6,101.167,131.567
112,Professional occupations in business,2008-10-01,123.5,121.567,2.608,116.351,126.783
112,Professional occupations in business,2008-11-01,127.1,123.067,4.267,114.533,131.601
112,Professional occupations in business,2008-12-01,122.3,124.3,2.498,119.304,129.296
112,Professional occupations in business,2009-01-01,109.0,119.467,9.377,100.713,138.221
112,Professional occupations in business,2009-02-01,118.8,116.7,6.894,102.912,130.488
112,Professional occupations in business,2009-03-01,116.0,114.6,5.048,104.504,124.696
112,Professional occupations in business,2009-04-01,118.1,117.633,1.457,114.719,120.547
112,Professional occupations in business,2009-05-01,115.6,116.567,1.343,113.881,119.253
112,Professional occupations in business,2009-06-01,115.0,116.233,1.644,112.945,119.521
112,Professional occupations in business,2009-07-01,120.5,117.033,3.017,110.999,123.067
112,Professional occupations in business,2009-08-01,128.8,121.433,6.947,107.539,135.327
112,Professional occupations in business,2009-09-01,114.2,121.167,7.323,106.521,135.813
112,Professional occupations in business,2009-10-01,125.6,122.867,7.674,107.519,138.215
112,Professional occupations in business,2009-11-01,123.1,120.967,5.992,108.983,132.951
112,Professional occupations in business,2009-12-01,114.1,120.933,6.048,108.837,133.029
112,Professional occupations in business,2010-01-01,116.6,117.933,4.646,108.641,127.225
112,Professional occupations in business,2010-02-01,113.0,114.567,1.845,110.877,118.257
112,Professional occupations in business,2010-03-01,114.2,114.6,1.833,110.934,118.266
112,Professional occupations in business,2010-04-01,116.0,114.4,1.51,111.38,117.42
112,Professional occupations in business,2010-05-01,122.2,117.467,4.197,109.073,125.861
112,Professional occupations in business,2010-06-01,127.3,121.833,5.659,110.515,133.151
112,Professional occupations in business,2010-07-01,121.1,123.533,3.308,116.917,130.149
112,Professional occupations in business,2010-08-01,124.4,124.267,3.102,118.063,130.471
112,Professional occupations in business,2010-09-01,124.9,123.467,2.065,119.337,127.597
112,Professional occupations in business,2010-10-01,121.4,123.567,1.893,119.781,127.353
112,Professional occupations in business,2010-11-01,127.3,124.533,2.967,118.599,130.467
112,Professional occupations in business,2010-12-01,144.4,131.033,11.946,107.141,154.925
112,Professional occupations in business,2011-01-01,144.4,138.7,9.873,118.954,158.446
112,Professional occupations in business,2011-02-01,135.0,141.267,5.427,130.413,152.121
112,Professional occupations in business,2011-03-01,128.7,136.033,7.901,120.231,151.835
112,Professional occupations in business,2011-04-01,120.1,127.933,7.48,112.973,142.893
112,Professional occupations in business,2011-05-01,116.8,121.867,6.144,109.579,134.155
112,Professional occupations in business,2011-06-01,109.0,115.3,5.7,103.9,126.7
112,Professional occupations in business,2011-07-01,103.6,109.8,6.636,96.528,123.072
112,Professional occupations in business,2011-08-01,116.5,109.7,6.478,96.744,122.656
112,Professional occupations in business,2011-09-01,116.3,112.133,7.391,97.351,126.915
112,Professional occupations in business,2011-10-01,110.3,114.367,3.523,107.321,121.413
112,Professional occupations in business,2011-11-01,111.3,112.633,3.215,106.203,119.063
112,Professional occupations in business,2011-12-01,111.2,110.933,0.551,109.831,112.035
112,Professional occupations in business,2012-01-01,117.0,113.167,3.32,106.527,119.807
112,Professional occupations in business,2012-02-01,133.4,120.533,11.514,97.505,143.561
112,Professional occupations in business,2012-03-01,137.7,129.367,10.924,107.519,151.215
112,Professional occupations in business,2012-04-01,134.5,135.2,2.234,130.732,139.668
112,Professional occupations in business,2012-05-01,151.3,141.167,8.92,123.327,159.007
112,Professional occupations in business,2012-06-01,151.7,145.833,9.817,126.199,165.467
112,Professional occupations in business,2012-07-01,150.2,151.067,0.777,149.513,152.621
112,Professional occupations in business,2012-08-01,149.3,150.4,1.212,147.976,152.824
112,Professional occupations in business,2012-09-01,140.2,146.567,5.532,135.503,157.631
112,Professional occupations in business,2012-10-01,125.4,138.3,12.063,114.174,162.426
112,Professional occupations in business,2012-11-01,119.3,128.3,10.748,106.804,149.796
112,Professional occupations in business,2012-12-01,123.0,122.567,3.073,116.421,128.713
112,Professional occupations in business,2013-01-01,110.3,117.533,6.532,104.469,130.597
112,Professional occupations in business,2013-02-01,124.3,119.2,7.735,103.73,134.67
112,Professional occupations in business,2013-03-01,123.5,119.367,7.862,103.643,135.091
112,Professional occupations in business,2013-04-01,122.3,123.367,1.007,121.353,125.381
112,Professional occupations in business,2013-05-01,120.5,122.1,1.51,119.08,125.12
112,Professional occupations in business,2013-06-01,122.8,121.867,1.21,119.447,124.287
112,Professional occupations in business,2013-07-01,132.5,125.267,6.369,112.529,138.005
112,Professional occupations in business,2013-08-01,119.0,124.767,6.962,110.843,138.691
112,Professional occupations in business,2013-09-01,117.6,123.033,8.228,106.577,139.489
112,Professional occupations in business,2013-10-01,116.2,117.6,1.4,114.8,120.4
112,Professional occupations in business,2013-11-01,123.8,119.2,4.045,111.11,127.29
112,Professional occupations in business,2013-12-01,114.9,118.3,4.807,108.686,127.914
112,Professional occupations in business,2014-01-01,102.3,113.667,10.803,92.061,135.273
112,Professional occupations in business,2014-02-01,108.0,108.4,6.31,95.78,121.02
112,Professional occupations in business,2014-03-01,114.5,108.267,6.104,96.059,120.475
112,Professional occupations in business,2014-04-01,123.1,115.2,7.574,100.052,130.348
112,Professional occupations in business,2014-05-01,122.4,120.0,4.776,110.448,129.552
112,Professional occupations in business,2014-06-01,113.2,119.567,5.525,108.517,130.617
112,Professional occupations in business,2014-07-01,129.5,121.7,8.173,105.354,138.046
112,Professional occupations in business,2014-08-01,137.2,126.633,12.254,102.125,151.141
112,Professional occupations in business,2014-09-01,131.1,132.6,4.063,124.474,140.726
112,Professional occupations in business,2014-10-01,128.4,132.233,4.508,123.217,141.249
112,Professional occupations in business,2014-11-01,128.4,129.3,1.559,126.182,132.418
112,Professional occupations in business,2014-12-01,140.0,132.267,6.697,118.873,145.661
112,Professional occupations in business,2015-01-01,137.3,135.233,6.07,123.093,147.373
112,Professional occupations in business,2015-02-01,129.4,135.567,5.508,124.551,146.583
112,Professional occupations in business,2015-03-01,117.1,127.933,10.18,107.573,148.293
112,Professional occupations in business,2015-04-01,115.7,120.733,7.538,105.657,135.809
112,Professional occupations in business,2015-05-01,116.8,116.533,0.737,115.059,118.007
112,Professional occupations in business,2015-06-01,126.3,119.6,5.828,107.944,131.256
112,Professional occupations in business,2015-07-01,139.7,127.6,11.505,104.59,150.61
112,Professional occupations in business,2015-08-01,148.1,138.033,10.995,116.043,160.023
112,Professional occupations in business,2015-09-01,149.9,145.9,5.444,135.012,156.788
112,Professional occupations in business,2015-10-01,137.6,145.2,6.643,131.914,158.486
112,Professional occupations in business,2015-11-01,126.6,138.033,11.656,114.721,161.345
112,Professional occupations in business,2015-12-01,132.7,132.3,5.511,121.278,143.322
112,Professional occupations in business,2016-01-01,134.1,131.133,3.988,123.157,139.109
112,Professional occupations in business,2016-02-01,137.4,134.733,2.413,129.907,139.559
112,Professional occupations in business,2016-03-01,134.1,135.2,1.905,131.39,139.01
112,Professional occupations in business,2016-04-01,128.4,133.3,4.553,124.194,142.406
112,Professional occupations in business,2016-05-01,134.6,132.367,3.444,125.479,139.255
112,Professional occupations in business,2016-06-01,138.2,133.733,4.957,123.819,143.647
112,Professional occupations in business,2016-07-01,119.5,130.767,9.922,110.923,150.611
112,Professional occupations in business,2016-08-01,109.8,122.5,14.436,93.628,151.372
112,Professional occupations in business,2016-09-01,107.1,112.133,6.521,99.091,125.175
112,Professional occupations in business,2016-10-01,122.4,113.1,8.166,96.768,129.432
112,Professional occupations in business,2016-11-01,115.5,115.0,7.662,99.676,130.324
112,Professional occupations in business,2016-12-01,117.7,118.533,3.525,111.483,125.583
112,Professional occupations in business,2017-01-01,106.3,113.167,6.048,101.071,125.263
112,Professional occupations in business,2017-02-01,117.8,113.933,6.611,100.711,127.155
112,Professional occupations in business,2017-03-01,125.7,116.6,9.756,97.088,136.112
112,Professional occupations in business,2017-04-01,129.3,124.267,5.882,112.503,136.031
112,Professional occupations in business,2017-05-01,125.7,126.9,2.078,122.744,131.056
112,Professional occupations in business,2017-06-01,139.2,131.4,6.991,117.418,145.382
112,Professional occupations in business,2017-07-01,148.0,137.633,11.232,115.169,160.097
112,Professional occupations in business,2017-08-01,135.8,141.0,6.296,128.408,153.592
112,Professional occupations in business,2017-09-01,143.4,142.4,6.161,130.078,154.722
112,Professional occupations in business,2017-10-01,137.8,139.0,3.94,131.12,146.88
112,Professional occupations in business,2017-11-01,153.1,144.767,7.741,129.285,160.249
112,Professional occupations in business,2017-12-01,139.3,143.4,8.434,126.532,160.268
112,Professional occupations in business,2018-01-01,145.1,145.833,6.929,131.975,159.691
112,Professional occupations in business,2018-02-01,153.4,145.933,7.087,131.759,160.107
112,Professional occupations in business,2018-03-01,153.0,150.5,4.681,141.138,159.862
112,Professional occupations in business,2018-04-01,167.9,158.1,8.489,141.122,175.078
112,Professional occupations in business,2018-05-01,172.3,164.4,10.115,144.17,184.63
112,Professional occupations in business,2018-06-01,184.8,175.0,8.768,157.464,192.536
112,Professional occupations in business,2018-07-01,172.7,176.6,7.104,162.392,190.808
112,Professional occupations in business,2018-08-01,161.7,173.067,11.554,149.959,196.175
112,Professional occupations in business,2018-09-01,169.3,167.9,5.632,156.636,179.164
112,Professional occupations in business,2018-10-01,172.8,167.933,5.675,156.583,179.283
112,Professional occupations in business,2018-11-01,174.4,172.167,2.608,166.951,177.383
112,Professional occupations in business,2018-12-01,172.5,173.233,1.021,171.191,175.275
112,Professional occupations in business,2019-01-01,186.3,177.733,7.48,162.773,192.693
112,Professional occupations in business,2019-02-01,169.5,176.1,8.96,158.18,194.02
112,Professional occupations in business,2019-03-01,161.8,172.533,12.529,147.475,197.591
112,Professional occupations in business,2019-04-01,158.9,163.4,5.478,152.444,174.356
112,Professional occupations in business,2019-05-01,158.7,159.8,1.735,156.33,163.27
112,Professional occupations in business,2019-06-01,171.2,162.933,7.16,148.613,177.253
112,Professional occupations in business,2019-07-01,167.9,165.933,6.478,152.977,178.889
112,Professional occupations in business,2019-08-01,188.5,175.867,11.065,153.737,197.997
112,Professional occupations in business,2019-09-01,191.7,182.7,12.917,156.866,208.534
112,Professional occupations in business,2019-10-01,181.6,187.267,5.162,176.943,197.591
112,Professional occupations in business,2019-11-01,186.5,186.6,5.051,176.498,196.702
112,Professional occupations in business,2019-12-01,184.4,184.167,2.458,179.251,189.083
112,Professional occupations in business,2020-01-01,183.1,184.667,1.716,181.235,188.099
112,Professional occupations in business,2020-02-01,171.7,179.733,6.987,165.759,193.707
112,Professional occupations in business,2020-03-01,181.4,178.733,6.15,166.433,191.033
112,Professional occupations in business,2020-04-01,169.3,174.133,6.407,161.319,186.947
112,Professional occupations in business,2020-05-01,177.7,176.133,6.2,163.733,188.533
112,Professional occupations in business,2020-06-01,182.3,176.433,6.592,163.249,189.617
112,Professional occupations in business,2020-07-01,185.2,181.733,3.782,174.169,189.297
112,Professional occupations in business,2020-08-01,168.7,178.733,8.809,161.115,196.351
112,Professional occupations in business,2020-09-01,178.0,177.3,8.272,160.756,193.844
112,Professional occupations in business,2020-10-01,190.2,178.967,10.783,157.401,200.533
112,Professional occupations in business,2020-11-01,176.1,181.433,7.651,166.131,196.735
112,Professional occupations in business,2020-12-01,151.6,172.633,19.532,133.569,211.697
112,Professional occupations in business,2021-01-01,150.1,159.267,14.597,130.073,188.461
112,Professional occupations in business,2021-02-01,172.4,158.033,12.464,133.105,182.961
112,Professional occupations in business,2021-03-01,158.7,160.4,11.247,137.906,182.894
112,Professional occupations in business,2021-04-01,183.1,171.4,12.231,146.938,195.862
112,Professional occupations in business,2021-05-01,199.0,180.267,20.299,139.669,220.865
112,Professional occupations in business,2021-06-01,216.1,199.4,16.504,166.392,232.408
112,Professional occupations in business,2021-07-01,228.9,214.667,15.001,184.665,244.669
112,Professional occupations in business,2021-08-01,248.8,231.267,16.478,198.311,264.223
112,Professional occupations in business,2021-09-01,232.2,236.633,10.665,215.303,257.963
112,Professional occupations in business,2021-10-01,219.0,233.333,14.932,203.469,263.197
112,Professional occupations in business,2021-11-01,209.6,220.267,11.353,197.561,242.973
112,Professional occupations in business,2021-12-01,195.8,208.133,11.669,184.795,231.471
112,Professional occupations in business,2022-01-01,198.5,201.3,7.314,186.672,215.928
112,Professional occupations in business,2022-02-01,216.8,203.7,11.425,180.85,226.55
112,Professional occupations in business,2022-03-01,214.0,209.767,9.857,190.053,229.481
112,Professional occupations in business,2022-04-01,223.3,218.033,4.771,208.491,227.575
112,Professional occupations in business,2022-05-01,225.9,221.067,6.256,208.555,233.579
112,Professional occupations in business,2022-06-01,235.6,228.267,6.483,215.301,241.233
112,Professional occupations in business,2022-07-01,231.6,231.033,4.875,221.283,240.783
112,Professional occupations in business,2022-08-01,219.7,228.967,8.271,212.425,245.509
112,Professional occupations in business,2022-09-01,213.7,221.667,9.111,203.445,239.889
112,Professional occupations in business,2022-10-01,203.2,212.2,8.352,195.496,228.904
112,Professional occupations in business,2022-11-01,202.9,206.6,6.151,194.298,218.902
112,Professional occupations in business,2022-12-01,215.9,207.333,7.42,192.493,222.173
112,Professional occupations in business,2023-01-01,220.2,213.0,9.007,194.986,231.014
112,Professional occupations in business,2023-02-01,232.5,222.867,8.615,205.637,240.097
112,Professional occupations in business,2023-03-01,217.1,223.267,8.145,206.977,239.557
112,Professional occupations in business,2023-04-01,231.2,226.933,8.541,209.851,244.015
112,Professional occupations in business,2023-05-01,209.2,219.167,11.145,196.877,241.457
112,Professional occupations in business,2023-06-01,226.1,222.167,11.515,199.137,245.197
112,Professional occupations in business,2023-07-01,221.4,218.9,8.723,201.454,236.346
112,Professional occupations in business,2023-08-01,223.8,223.767,2.35,219.067,228.467
112,Professional occupations in business,2023-09-01,238.2,227.8,9.086,209.628,245.972
112,Professional occupations in business,2023-10-01,242.6,234.867,9.833,215.201,254.533
112,Professional occupations in business,2023-11-01,236.7,239.167,3.066,233.035,245.299
112,Professional occupations in business,2023-12-01,247.4,242.233,5.359,231.515,252.951
112,Professional occupations in business,2024-01-01,246.5,243.533,5.935,231.663,255.403
112,Professional occupations in business,2024-02-01,225.6,239.833,12.335,215.163,264.503
112,Professional occupations in business,2024-03-01,239.1,237.067,10.597,215.873,258.261
112,Professional occupations in business,2024-04-01,238.7,234.467,7.681,219.105,249.829
112,Professional occupations in business,2024-05-01,255.1,244.3,9.355,225.59,263.01
112,Professional occupations in business,2024-06-01,239.5,244.433,9.246,225.941,262.925
112,Professional occupations in business,2024-07-01,265.3,253.3,12.994,227.312,279.288
112,Professional occupations in business,2024-08-01,272.4,259.067,17.313,224.441,293.693
112,Professional occupations in business,2024-09-01,270.0,269.233,3.612,262.009,276.457
112,Professional occupations in business,2024-10-01,248.1,263.5,13.391,236.718,290.282
112,Professional occupations in business,2024-11-01,254.7,257.6,11.234,235.132,280.068
112,Professional occupations in business,2024-12-01,263.7,255.5,7.831,239.838,271.162
112,Professional occupations in business,2025-01-01,235.8,251.4,14.24,222.92,279.88
112,Professional occupations in business,2025-02-01,224.1,241.2,20.345,200.51,281.89
112,Professional occupations in business,2025-03-01,237.8,232.567,7.4,217.767,247.367
112,Professional occupations in business,2025-04-01,224.4,228.767,7.825,213.117,244.417
112,Professional occupations in business,2025-05-01,242.1,234.767,9.232,216.303,253.231
112,Professional occupations in business,2025-06-01,230.6,232.367,8.981,214.405,250.329
112,Professional occupations in business,2025-07-01,242.7,238.467,6.819,224.829,252.105
112,Professional occupations in business,2025-08-01,242.2,238.5,6.846,224.808,252.192
112,Professional occupations in business,2025-09-01,236.9,240.6,3.214,234.172,247.028
212,Professional occupations in applied sciences (except engineering),2000-01-01,152.6,152.6,,,
212,Professional occupations in applied sciences (except engineering),2000-02-01,155.9,154.25,2.333,149.584,158.916
212,Professional occupations in applied sciences (except engineering),2000-03-01,169.6,159.367,9.015,141.337,177.397
212,Professional occupations in applied sciences (except engineering),2000-04-01,161.7,162.4,6.877,148.646,176.154
212,Professional occupations in applied sciences (except engineering),2000-05-01,165.5,165.6,3.951,157.698,173.502
212,Professional occupations in applied sciences (except engineering),2000-06-01,156.4,161.2,4.571,152.058,170.342
212,Professional occupations in applied sciences (except engineering),2000-07-01,159.1,160.333,4.674,150.985,169.681
212,Professional occupations in applied sciences (except engineering),2000-08-01,163.8,159.767,3.745,152.277,167.257
212,Professional occupations in applied sciences (except engineering),2000-09-01,165.7,162.867,3.398,156.071,169.663
212,Professional occupations in applied sciences (except engineering),2000-10-01,176.0,168.5,6.564,155.372,181.628
212,Professional occupations in applied sciences (except engineering),2000-11-01,180.0,173.9,7.378,159.144,188.656
212,Professional occupations in applied sciences (except engineering),2000-12-01,174.7,176.9,2.762,171.376,182.424
212,Professional occupations in applied sciences (except engineering),2001-01-01,178.3,177.667,2.706,172.255,183.079
212,Professional occupations in applied sciences (except engineering),2001-02-01,176.1,176.367,1.815,172.737,179.997
212,Professional occupations in applied sciences (except engineering),2001-03-01,191.7,182.033,8.444,165.145,198.921
212,Professional occupations in applied sciences (except engineering),2001-04-01,182.9,183.567,7.821,167.925,199.209
212,Professional occupations in applied sciences (except engineering),2001-05-01,192.9,189.167,5.46,178.247,200.087
212,Professional occupations in applied sciences (except engineering),2001-06-01,188.9,188.233,5.033,178.167,198.299
212,Professional occupations in applied sciences (except engineering),2001-07-01,179.3,187.033,6.99,173.053,201.013
212,Professional occupations in applied sciences (except engineering),2001-08-01,168.3,178.833,10.308,158.217,199.449
212,Professional occupations in applied sciences (except engineering),2001-09-01,162.9,170.167,8.358,153.451,186.883
212,Professional occupations in applied sciences (except engineering),2001-10-01,156.8,162.667,5.754,151.159,174.175
212,Professional occupations in applied sciences (except engineering),2001-11-01,160.3,160.0,3.061,153.878,166.122
212,Professional occupations in applied sciences (except engineering),2001-12-01,161.2,159.433,2.325,154.783,164.083
212,Professional occupations in applied sciences (except engineering),2002-01-01,170.5,164.0,5.647,152.706,175.294
212,Professional occupations in applied sciences (except engineering),2002-02-01,174.4,168.7,6.782,155.136,182.264
212,Professional occupations in applied sciences (except engineering),2002-03-01,167.8,170.9,3.318,164.264,177.536
212,Professional occupations in applied sciences (except engineering),2002-04-01,156.1,166.1,9.268,147.564,184.636
212,Professional occupations in applied sciences (except engineering),2002-05-01,160.3,161.4,5.927,149.546,173.254
212,Professional occupations in applied sciences (except engineering),2002-06-01,155.6,157.333,2.581,152.171,162.495
212,Professional occupations in applied sciences (except engineering),2002-07-01,157.7,157.867,2.354,153.159,162.575
212,Professional occupations in applied sciences (except engineering),2002-08-01,175.6,162.967,10.991,140.985,184.949
212,Professional occupations in applied sciences (except engineering),2002-09-01,171.0,168.1,9.296,149.508,186.692
212,Professional occupations in applied sciences (except engineering),2002-10-01,187.9,178.167,8.737,160.693,195.641
212,Professional occupations in applied sciences (except engineering),2002-11-01,179.5,179.467,8.45,162.567,196.367
212,Professional occupations in applied sciences (except engineering),2002-12-01,179.9,182.433,4.738,172.957,191.909
212,Professional occupations in applied sciences (except engineering),2003-01-01,176.5,178.633,1.858,174.917,182.349
212,Professional occupations in applied sciences (except engineering),2003-02-01,168.3,174.9,5.963,162.974,186.826
212,Professional occupations in applied sciences (except engineering),2003-03-01,168.6,171.133,4.65,161.833,180.433
212,Professional occupations in applied sciences (except engineering),2003-04-01,161.1,166.0,4.246,157.508,174.492
212,Professional occupations in applied sciences (except engineering),2003-05-01,161.7,163.8,4.168,155.464,172.136
212,Professional occupations in applied sciences (except engineering),2003-06-01,165.4,162.733,2.329,158.075,167.391
212,Professional occupations in applied sciences (except engineering),2003-07-01,177.1,168.067,8.039,151.989,184.145
212,Professional occupations in applied sciences (except engineering),2003-08-01,177.3,173.267,6.813,159.641,186.893
212,Professional occupations in applied sciences (except engineering),2003-09-01,180.4,178.267,1.85,174.567,181.967
212,Professional occupations in applied sciences (except engineering),2003-10-01,177.6,178.433,1.71,175.013,181.853
212,Professional occupations in applied sciences (except engineering),2003-11-01,170.0,176.0,5.381,165.238,186.762
212,Professional occupations in applied sciences (except engineering),2003-12-01,166.2,171.267,5.805,159.657,182.877
212,Professional occupations in applied sciences (except engineering),2004-01-01,167.8,168.0,1.908,164.184,171.816
212,Professional occupations in applied sciences (except engineering),2004-02-01,164.9,166.3,1.453,163.394,169.206
212,Professional occupations in applied sciences (except engineering),2004-03-01,163.4,165.367,2.237,160.893,169.841
212,Professional occupations in applied sciences (except engineering),2004-04-01,165.4,164.567,1.041,162.485,166.649
212,Professional occupations in applied sciences (except engineering),2004-05-01,160.7,163.167,2.359,158.449,167.885
212,Professional occupations in applied sciences (except engineering),2004-06-01,158.9,161.667,3.356,154.955,168.379
212,Professional occupations in applied sciences (except engineering),2004-07-01,155.0,158.2,2.914,152.372,164.028
212,Professional occupations in applied sciences (except engineering),2004-08-01,151.0,154.967,3.95,147.067,162.867
212,Professional occupations in applied sciences (except engineering),2004-09-01,147.5,151.167,3.753,143.661,158.673
212,Professional occupations in applied sciences (except engineering),2004-10-01,151.8,150.1,2.287,145.526,154.674
212,Professional occupations in applied sciences (except engineering),2004-11-01,150.9,150.067,2.268,145.531,154.603
212,Professional occupations in applied sciences (except engineering),2004-12-01,167.6,156.767,9.393,137.981,175.553
212,Professional occupations in applied sciences (except engineering),2005-01-01,174.2,164.233,12.009,140.215,188.251
212,Professional occupations in applied sciences (except engineering),2005-02-01,171.1,170.967,3.302,164.363,177.571
212,Professional occupations in applied sciences (except engineering),2005-03-01,169.0,171.433,2.616,166.201,176.665
212,Professional occupations in applied sciences (except engineering),2005-04-01,177.2,172.433,4.259,163.915,180.951
212,Professional occupations in applied sciences (except engineering),2005-05-01,162.3,169.5,7.463,154.574,184.426
212,Professional occupations in applied sciences (except engineering),2005-06-01,155.0,164.833,11.315,142.203,187.463
212,Professional occupations in applied sciences (except engineering),2005-07-01,156.9,158.067,3.787,150.493,165.641
212,Professional occupations in applied sciences (except engineering),2005-08-01,169.7,160.533,7.995,144.543,176.523
212,Professional occupations in applied sciences (except engineering),2005-09-01,182.9,169.833,13.001,143.831,195.835
212,Professional occupations in applied sciences (except engineering),2005-10-01,181.4,178.0,7.227,163.546,192.454
212,Professional occupations in applied sciences (except engineering),2005-11-01,174.8,179.7,4.309,171.082,188.318
212,Professional occupations in applied sciences (except engineering),2005-12-01,170.0,175.4,5.724,163.952,186.848
212,Professional occupations in applied sciences (except engineering),2006-01-01,176.0,173.6,3.175,167.25,179.95
212,Professional occupations in applied sciences (except engineering),2006-02-01,169.3,171.767,3.683,164.401,179.133
212,Professional occupations in applied sciences (except engineering),2006-03-01,161.6,168.967,7.206,154.555,183.379
212,Professional occupations in applied sciences (except engineering),2006-04-01,169.5,166.8,4.504,157.792,175.808
212,Professional occupations in applied sciences (except engineering),2006-05-01,170.9,167.333,5.014,157.305,177.361
212,Professional occupations in applied sciences (except engineering),2006-06-01,170.1,170.167,0.702,168.763,171.571
212,Professional occupations in applied sciences (except engineering),2006-07-01,174.4,171.8,2.287,167.226,176.374
212,Professional occupations in applied sciences (except engineering),2006-08-01,169.8,171.433,2.574,166.285,176.581
212,Professional occupations in applied sciences (except engineering),2006-09-01,168.7,170.967,3.024,164.919,177.015
212,Professional occupations in applied sciences (except engineering),2006-10-01,166.1,168.2,1.9,164.4,172.0
212,Professional occupations in applied sciences (except engineering),2006-11-01,169.1,167.967,1.629,164.709,171.225
212,Professional occupations in applied sciences (except engineering),2006-12-01,179.8,171.667,7.202,157.263,186.071
212,Professional occupations in applied sciences (except engineering),2007-01-01,179.7,176.2,6.149,163.902,188.498
212,Professional occupations in applied sciences (except engineering),2007-02-01,176.7,178.733,1.762,175.209,182.257
212,Professional occupations in applied sciences (except engineering),2007-03-01,180.7,179.033,2.082,174.869,183.197
212,Professional occupations in applied sciences (except engineering),2007-04-01,177.8,178.4,2.066,174.268,182.532
212,Professional occupations in applied sciences (except engineering),2007-05-01,183.5,180.667,2.85,174.967,186.367
212,Professional occupations in applied sciences (except engineering),2007-06-01,175.8,179.033,3.995,171.043,187.023
212,Professional occupations in applied sciences (except engineering),2007-07-01,189.1,182.8,6.678,169.444,196.156
212,Professional occupations in applied sciences (except engineering),2007-08-01,189.2,184.7,7.708,169.284,200.116
212,Professional occupations in applied sciences (except engineering),2007-09-01,179.7,186.0,5.456,175.088,196.912
212,Professional occupations in applied sciences (except engineering),2007-10-01,180.5,183.133,5.269,172.595,193.671
212,Professional occupations in applied sciences (except engineering),2007-11-01,177.8,179.333,1.387,176.559,182.107
212,Professional occupations in applied sciences (except engineering),2007-12-01,183.7,180.667,2.954,174.759,186.575
212,Professional occupations in applied sciences (except engineering),2008-01-01,190.3,183.933,6.253,171.427,196.439
212,Professional occupations in applied sciences (except engineering),2008-02-01,182.8,185.6,4.095,177.41,193.79
212,Professional occupations in applied sciences (except engineering),2008-03-01,176.1,183.067,7.104,168.859,197.275
212,Professional occupations in applied sciences (except engineering),2008-04-01,184.9,181.267,4.596,172.075,190.459
212,Professional occupations in applied sciences (except engineering),2008-05-01,189.9,183.633,6.987,169.659,197.607
212,Professional occupations in applied sciences (except engineering),2008-06-01,186.1,186.967,2.61,181.747,192.187
212,Professional occupations in applied sciences (except engineering),2008-07-01,180.4,185.467,4.782,175.903,195.031
212,Professional occupations in applied sciences (except engineering),2008-08-01,180.2,182.233,3.35,175.533,188.933
212,Professional occupations in applied sciences (except engineering),2008-09-01,176.7,179.1,2.081,174.938,183.262
212,Professional occupations in applied sciences (except engineering),2008-10-01,173.2,176.7,3.5,169.7,183.7
212,Professional occupations in applied sciences (except engineering),2008-11-01,170.1,173.333,3.302,166.729,179.937
212,Professional occupations in applied sciences (except engineering),2008-12-01,166.6,169.967,3.302,163.363,176.571
212,Professional occupations in applied sciences (except engineering),2009-01-01,175.6,170.767,4.537,161.693,179.841
212,Professional occupations in applied sciences (except engineering),2009-02-01,165.0,169.067,5.714,157.639,180.495
212,Professional occupations in applied sciences (except engineering),2009-03-01,178.4,173.0,7.068,158.864,187.136
212,Professional occupations in applied sciences (except engineering),2009-04-01,166.3,169.9,7.39,155.12,184.68
212,Professional occupations in applied sciences (except engineering),2009-05-01,182.0,175.567,8.225,159.117,192.017
212,Professional occupations in applied sciences (except engineering),2009-06-01,194.1,180.8,13.939,152.922,208.678
212,Professional occupations in applied sciences (except engineering),2009-07-01,194.4,190.167,7.074,176.019,204.315
212,Professional occupations in applied sciences (except engineering),2009-08-01,190.5,193.0,2.17,188.66,197.34
212,Professional occupations in applied sciences (except engineering),2009-09-01,179.8,188.233,7.559,173.115,203.351
212,Professional occupations in applied sciences (except engineering),2009-10-01,192.3,187.533,6.757,174.019,201.047
212,Professional occupations in applied sciences (except engineering),2009-11-01,200.3,190.8,10.332,170.136,211.464
212,Professional occupations in applied sciences (except engineering),2009-12-01,205.6,199.4,6.696,186.008,212.792
212,Professional occupations in applied sciences (except engineering),2010-01-01,200.8,202.233,2.926,196.381,208.085
212,Professional occupations in applied sciences (except engineering),2010-02-01,211.4,205.933,5.308,195.317,216.549
212,Professional occupations in applied sciences (except engineering),2010-03-01,209.5,207.233,5.652,195.929,218.537
212,Professional occupations in applied sciences (except engineering),2010-04-01,205.6,208.833,2.957,202.919,214.747
212,Professional occupations in applied sciences (except engineering),2010-05-01,200.1,205.067,4.723,195.621,214.513
212,Professional occupations in applied sciences (except engineering),2010-06-01,207.9,204.533,4.008,196.517,212.549
212,Professional occupations in applied sciences (except engineering),2010-07-01,197.9,201.967,5.255,191.457,212.477
212,Professional occupations in applied sciences (except engineering),2010-08-01,195.5,200.433,6.577,187.279,213.587
212,Professional occupations in applied sciences (except engineering),2010-09-01,200.4,197.933,2.45,193.033,202.833
212,Professional occupations in applied sciences (except engineering),2010-10-01,193.1,196.333,3.721,188.891,203.775
212,Professional occupations in applied sciences (except engineering),2010-11-01,201.7,198.4,4.636,189.128,207.672
212,Professional occupations in applied sciences (except engineering),2010-12-01,189.2,194.667,6.396,181.875,207.459
212,Professional occupations in applied sciences (except engineering),2011-01-01,189.7,193.533,7.077,179.379,207.687
212,Professional occupations in applied sciences (except engineering),2011-02-01,191.9,190.267,1.436,187.395,193.139
212,Professional occupations in applied sciences (except engineering),2011-03-01,199.2,193.6,4.973,183.654,203.546
212,Professional occupations in applied sciences (except engineering),2011-04-01,210.4,200.5,9.318,181.864,219.136
212,Professional occupations in applied sciences (except engineering),2011-05-01,213.5,207.7,7.523,192.654,222.746
212,Professional occupations in applied sciences (except engineering),2011-06-01,215.5,213.133,2.57,207.993,218.273
212,Professional occupations in applied sciences (except engineering),2011-07-01,218.3,215.767,2.411,210.945,220.589
212,Professional occupations in applied sciences (except engineering),2011-08-01,199.8,211.2,9.971,191.258,231.142
212,Professional occupations in applied sciences (except engineering),2011-09-01,196.1,204.733,11.894,180.945,228.521
212,Professional occupations in applied sciences (except engineering),2011-10-01,192.0,195.967,3.902,188.163,203.771
212,Professional occupations in applied sciences (except engineering),2011-11-01,200.3,196.133,4.15,187.833,204.433
212,Professional occupations in applied sciences (except engineering),2011-12-01,203.9,198.733,6.103,186.527,210.939
212,Professional occupations in applied sciences (except engineering),2012-01-01,198.0,200.733,2.974,194.785,206.681
212,Professional occupations in applied sciences (except engineering),2012-02-01,204.5,202.133,3.592,194.949,209.317
212,Professional occupations in applied sciences (except engineering),2012-03-01,202.3,201.6,3.306,194.988,208.212
212,Professional occupations in applied sciences (except engineering),2012-04-01,194.9,200.567,5.029,190.509,210.625
212,Professional occupations in applied sciences (except engineering),2012-05-01,196.9,198.033,3.828,190.377,205.689
212,Professional occupations in applied sciences (except engineering),2012-06-01,201.1,197.633,3.164,191.305,203.961
212,Professional occupations in applied sciences (except engineering),2012-07-01,210.1,202.7,6.744,189.212,216.188
212,Professional occupations in applied sciences (except engineering),2012-08-01,204.4,205.2,4.553,196.094,214.306
212,Professional occupations in applied sciences (except engineering),2012-09-01,197.8,204.1,6.155,191.79,216.41
212,Professional occupations in applied sciences (except engineering),2012-10-01,195.9,199.367,4.461,190.445,208.289
212,Professional occupations in applied sciences (except engineering),2012-11-01,198.1,197.267,1.193,194.881,199.653
212,Professional occupations in applied sciences (except engineering),2012-12-01,192.8,195.6,2.663,190.274,200.926
212,Professional occupations in applied sciences (except engineering),2013-01-01,197.1,196.0,2.816,190.368,201.632
212,Professional occupations in applied sciences (except engineering),2013-02-01,196.6,195.5,2.352,190.796,200.204
212,Professional occupations in applied sciences (except engineering),2013-03-01,184.4,192.7,7.192,178.316,207.084
212,Professional occupations in applied sciences (except engineering),2013-04-01,198.3,193.1,7.582,177.936,208.264
212,Professional occupations in applied sciences (except engineering),2013-05-01,194.6,192.433,7.199,178.035,206.831
212,Professional occupations in applied sciences (except engineering),2013-06-01,199.3,197.4,2.476,192.448,202.352
212,Professional occupations in applied sciences (except engineering),2013-07-01,177.9,190.6,11.247,168.106,213.094
212,Professional occupations in applied sciences (except engineering),2013-08-01,179.8,185.667,11.845,161.977,209.357
212,Professional occupations in applied sciences (except engineering),2013-09-01,191.0,182.9,7.079,168.742,197.058
212,Professional occupations in applied sciences (except engineering),2013-10-01,196.5,189.1,8.511,172.078,206.122
212,Professional occupations in applied sciences (except engineering),2013-11-01,208.1,198.533,8.729,181.075,215.991
212,Professional occupations in applied sciences (except engineering),2013-12-01,215.5,206.7,9.577,187.546,225.854
212,Professional occupations in applied sciences (except engineering),2014-01-01,222.9,215.5,7.4,200.7,230.3
212,Professional occupations in applied sciences (except engineering),2014-02-01,222.9,220.433,4.272,211.889,228.977
212,Professional occupations in applied sciences (except engineering),2014-03-01,215.9,220.567,4.041,212.485,228.649
212,Professional occupations in applied sciences (except engineering),2014-04-01,211.0,216.6,5.981,204.638,228.562
212,Professional occupations in applied sciences (except engineering),2014-05-01,208.8,211.9,3.635,204.63,219.17
212,Professional occupations in applied sciences (except engineering),2014-06-01,207.5,209.1,1.769,205.562,212.638
212,Professional occupations in applied sciences (except engineering),2014-07-01,247.3,221.2,22.613,175.974,266.426
212,Professional occupations in applied sciences (except engineering),2014-08-01,229.6,228.133,19.94,188.253,268.013
212,Professional occupations in applied sciences (except engineering),2014-09-01,229.1,235.333,10.366,214.601,256.065
212,Professional occupations in applied sciences (except engineering),2014-10-01,244.4,234.367,8.693,216.981,251.753
212,Professional occupations in applied sciences (except engineering),2014-11-01,238.1,237.2,7.69,221.82,252.58
212,Professional occupations in applied sciences (except engineering),2014-12-01,244.5,242.333,3.667,234.999,249.667
212,Professional occupations in applied sciences (except engineering),2015-01-01,247.9,243.5,4.976,233.548,253.452
212,Professional occupations in applied sciences (except engineering),2015-02-01,244.7,245.7,1.908,241.884,249.516
212,Professional occupations in applied sciences (except engineering),2015-03-01,220.3,237.633,15.096,207.441,267.825
212,Professional occupations in applied sciences (except engineering),2015-04-01,227.5,230.833,12.537,205.759,255.907
212,Professional occupations in applied sciences (except engineering),2015-05-01,228.9,225.567,4.614,216.339,234.795
212,Professional occupations in applied sciences (except engineering),2015-06-01,231.7,229.367,2.139,225.089,233.645
212,Professional occupations in applied sciences (except engineering),2015-07-01,235.5,232.033,3.313,225.407,238.659
212,Professional occupations in applied sciences (except engineering),2015-08-01,238.8,235.333,3.553,228.227,242.439
212,Professional occupations in applied sciences (except engineering),2015-09-01,222.9,232.4,8.391,215.618,249.182
212,Professional occupations in applied sciences (except engineering),2015-10-01,230.2,230.633,7.959,214.715,246.551
212,Professional occupations in applied sciences (except engineering),2015-11-01,236.9,230.0,7.002,215.996,244.004
212,Professional occupations in applied sciences (except engineering),2015-12-01,233.5,233.533,3.35,226.833,240.233
212,Professional occupations in applied sciences (except engineering),2016-01-01,229.5,233.3,3.704,225.892,240.708
212,Professional occupations in applied sciences (except engineering),2016-02-01,255.6,239.533,14.057,211.419,267.647
212,Professional occupations in applied sciences (except engineering),2016-03-01,258.4,247.833,15.939,215.955,279.711
212,Professional occupations in applied sciences (except engineering),2016-04-01,250.0,254.667,4.277,246.113,263.221
212,Professional occupations in applied sciences (except engineering),2016-05-01,234.8,247.733,11.962,223.809,271.657
212,Professional occupations in applied sciences (except engineering),2016-06-01,233.6,239.467,9.142,221.183,257.751
212,Professional occupations in applied sciences (except engineering),2016-07-01,242.4,236.933,4.772,227.389,246.477
212,Professional occupations in applied sciences (except engineering),2016-08-01,239.7,238.567,4.508,229.551,247.583
212,Professional occupations in applied sciences (except engineering),2016-09-01,233.7,238.6,4.453,229.694,247.506
212,Professional occupations in applied sciences (except engineering),2016-10-01,250.3,241.233,8.406,224.421,258.045
212,Professional occupations in applied sciences (except engineering),2016-11-01,253.8,245.933,10.738,224.457,267.409
212,Professional occupations in applied sciences (except engineering),2016-12-01,258.6,254.233,4.167,245.899,262.567
212,Professional occupations in applied sciences (except engineering),2017-01-01,255.5,255.967,2.434,251.099,260.835
212,Professional occupations in applied sciences (except engineering),2017-02-01,265.9,260.0,5.339,249.322,270.678
212,Professional occupations in applied sciences (except engineering),2017-03-01,260.5,260.633,5.201,250.231,271.035
212,Professional occupations in applied sciences (except engineering),2017-04-01,250.1,258.833,8.031,242.771,274.895
212,Professional occupations in applied sciences (except engineering),2017-05-01,259.9,256.833,5.839,245.155,268.511
212,Professional occupations in applied sciences (except engineering),2017-06-01,277.1,262.367,13.668,235.031,289.703
212,Professional occupations in applied sciences (except engineering),2017-07-01,268.1,268.367,8.603,251.161,285.573
212,Professional occupations in applied sciences (except engineering),2017-08-01,262.2,269.133,7.504,254.125,284.141
212,Professional occupations in applied sciences (except engineering),2017-09-01,257.6,262.633,5.263,252.107,273.159
212,Professional occupations in applied sciences (except engineering),2017-10-01,283.3,267.7,13.704,240.292,295.108
212,Professional occupations in applied sciences (except engineering),2017-11-01,255.2,265.367,15.577,234.213,296.521
212,Professional occupations in applied sciences (except engineering),2017-12-01,261.2,266.567,14.799,236.969,296.165
212,Professional occupations in applied sciences (except engineering),2018-01-01,276.9,264.433,11.206,242.021,286.845
212,Professional occupations in applied sciences (except engineering),2018-02-01,267.4,268.5,7.908,252.684,284.316
212,Professional occupations in applied sciences (except engineering),2018-03-01,280.3,274.867,6.686,261.495,288.239
212,Professional occupations in applied sciences (except engineering),2018-04-01,267.2,271.633,7.506,256.621,286.645
212,Professional occupations in applied sciences (except engineering),2018-05-01,269.0,272.167,7.101,257.965,286.369
212,Professional occupations in applied sciences (except engineering),2018-06-01,261.6,265.933,3.859,258.215,273.651
212,Professional occupations in applied sciences (except engineering),2018-07-01,262.3,264.3,4.085,256.13,272.47
212,Professional occupations in applied sciences (except engineering),2018-08-01,263.5,262.467,0.961,260.545,264.389
212,Professional occupations in applied sciences (except engineering),2018-09-01,257.3,261.033,3.288,254.457,267.609
212,Professional occupations in applied sciences (except engineering),2018-10-01,268.3,263.033,5.515,252.003,274.063
212,Professional occupations in applied sciences (except engineering),2018-11-01,268.8,264.8,6.5,251.8,277.8
212,Professional occupations in applied sciences (except engineering),2018-12-01,267.4,268.167,0.709,266.749,269.585
212,Professional occupations in applied sciences (except engineering),2019-01-01,270.6,268.933,1.604,265.725,272.141
212,Professional occupations in applied sciences (except engineering),2019-02-01,275.4,271.133,4.027,263.079,279.187
212,Professional occupations in applied sciences (except engineering),2019-03-01,270.4,272.133,2.831,266.471,277.795
212,Professional occupations in applied sciences (except engineering),2019-04-01,287.9,277.9,9.014,259.872,295.928
212,Professional occupations in applied sciences (except engineering),2019-05-01,289.5,282.6,10.596,261.408,303.792
212,Professional occupations in applied sciences (except engineering),2019-06-01,323.5,300.3,20.108,260.084,340.516
212,Professional occupations in applied sciences (except engineering),2019-07-01,322.0,311.667,19.212,273.243,350.091
212,Professional occupations in applied sciences (except engineering),2019-08-01,315.2,320.233,4.423,311.387,329.079
212,Professional occupations in applied sciences (except engineering),2019-09-01,316.1,317.767,3.694,310.379,325.155
212,Professional occupations in applied sciences (except engineering),2019-10-01,319.2,316.833,2.098,312.637,321.029
212,Professional occupations in applied sciences (except engineering),2019-11-01,335.6,323.633,10.479,302.675,344.591
212,Professional occupations in applied sciences (except engineering),2019-12-01,334.5,329.767,9.168,311.431,348.103
212,Professional occupations in applied sciences (except engineering),2020-01-01,339.6,336.567,2.684,331.199,341.935
212,Professional occupations in applied sciences (except engineering),2020-02-01,329.8,334.633,4.901,324.831,344.435
212,Professional occupations in applied sciences (except engineering),2020-03-01,334.7,334.7,4.9,324.9,344.5
212,Professional occupations in applied sciences (except engineering),2020-04-01,328.8,331.1,3.158,324.784,337.416
212,Professional occupations in applied sciences (except engineering),2020-05-01,312.1,325.2,11.722,301.756,348.644
212,Professional occupations in applied sciences (except engineering),2020-06-01,326.2,322.367,8.986,304.395,340.339
212,Professional occupations in applied sciences (except engineering),2020-07-01,332.5,323.6,10.446,302.708,344.492
212,Professional occupations in applied sciences (except engineering),2020-08-01,336.2,331.633,5.056,321.521,341.745
212,Professional occupations in applied sciences (except engineering),2020-09-01,363.0,343.9,16.644,310.612,377.188
212,Professional occupations in applied sciences (except engineering),2020-10-01,359.9,353.033,14.66,323.713,382.353
212,Professional occupations in applied sciences (except engineering),2020-11-01,356.8,359.9,3.1,353.7,366.1
212,Professional occupations in applied sciences (except engineering),2020-12-01,370.4,362.367,7.128,348.111,376.623
212,Professional occupations in applied sciences (except engineering),2021-01-01,381.4,369.533,12.323,344.887,394.179
212,Professional occupations in applied sciences (except engineering),2021-02-01,376.6,376.133,5.515,365.103,387.163
212,Professional occupations in applied sciences (except engineering),2021-03-01,393.1,383.7,8.487,366.726,400.674
212,Professional occupations in applied sciences (except engineering),2021-04-01,392.4,387.367,9.331,368.705,406.029
212,Professional occupations in applied sciences (except engineering),2021-05-01,388.2,391.233,2.65,385.933,396.533
212,Professional occupations in applied sciences (except engineering),2021-06-01,386.5,389.033,3.037,382.959,395.107
212,Professional occupations in applied sciences (except engineering),2021-07-01,375.9,383.533,6.665,370.203,396.863
212,Professional occupations in applied sciences (except engineering),2021-08-01,391.5,384.633,7.966,368.701,400.565
212,Professional occupations in applied sciences (except engineering),2021-09-01,391.6,386.333,9.036,368.261,404.405
212,Professional occupations in applied sciences (except engineering),2021-10-01,378.9,387.333,7.304,372.725,401.941
212,Professional occupations in applied sciences (except engineering),2021-11-01,377.4,382.633,7.801,367.031,398.235
212,Professional occupations in applied sciences (except engineering),2021-12-01,372.4,376.233,3.403,369.427,383.039
212,Professional occupations in applied sciences (except engineering),2022-01-01,393.1,380.967,10.801,359.365,402.569
212,Professional occupations in applied sciences (except engineering),2022-02-01,383.8,383.1,10.368,362.364,403.836
212,Professional occupations in applied sciences (except engineering),2022-03-01,378.3,385.067,7.481,370.105,400.029
212,Professional occupations in applied sciences (except engineering),2022-04-01,388.0,383.367,4.864,373.639,393.095
212,Professional occupations in applied sciences (except engineering),2022-05-01,410.8,392.367,16.684,358.999,425.735
212,Professional occupations in applied sciences (except engineering),2022-06-01,422.6,407.133,17.589,371.955,442.311
212,Professional occupations in applied sciences (except engineering),2022-07-01,404.6,412.667,9.144,394.379,430.955
212,Professional occupations in applied sciences (except engineering),2022-08-01,404.8,410.667,10.335,389.997,431.337
212,Professional occupations in applied sciences (except engineering),2022-09-01,402.7,404.033,1.159,401.715,406.351
212,Professional occupations in applied sciences (except engineering),2022-10-01,396.5,401.333,4.315,392.703,409.963
212,Professional occupations in applied sciences (except engineering),2022-11-01,415.6,404.933,9.744,385.445,424.421
212,Professional occupations in applied sciences (except engineering),2022-12-01,432.8,414.967,18.158,378.651,451.283
212,Professional occupations in applied sciences (except engineering),2023-01-01,431.1,426.5,9.478,407.544,445.456
212,Professional occupations in applied sciences (except engineering),2023-02-01,416.5,426.8,8.96,408.88,444.72
212,Professional occupations in applied sciences (except engineering),2023-03-01,402.3,416.633,14.4,387.833,445.433
212,Professional occupations in applied sciences (except engineering),2023-04-01,381.9,400.233,17.392,365.449,435.017
212,Professional occupations in applied sciences (except engineering),2023-05-01,384.8,389.667,11.036,367.595,411.739
212,Professional occupations in applied sciences (except engineering),2023-06-01,408.7,391.8,14.707,362.386,421.214
212,Professional occupations in applied sciences (except engineering),2023-07-01,414.8,402.767,15.856,371.055,434.479
212,Professional occupations in applied sciences (except engineering),2023-08-01,434.7,419.4,13.597,392.206,446.594
212,Professional occupations in applied sciences (except engineering),2023-09-01,424.1,424.533,9.957,404.619,444.447
212,Professional occupations in applied sciences (except engineering),2023-10-01,431.0,429.933,5.38,419.173,440.693
212,Professional occupations in applied sciences (except engineering),2023-11-01,444.4,433.167,10.322,412.523,453.811
212,Professional occupations in applied sciences (except engineering),2023-12-01,422.8,432.733,10.904,410.925,454.541
212,Professional occupations in applied sciences (except engineering),2024-01-01,424.0,430.4,12.139,406.122,454.678
212,Professional occupations in applied sciences (except engineering),2024-02-01,428.6,425.133,3.062,419.009,431.257
212,Professional occupations in applied sciences (except engineering),2024-03-01,418.5,423.7,5.057,413.586,433.814
212,Professional occupations in applied sciences (except engineering),2024-04-01,431.2,426.1,6.709,412.682,439.518
212,Professional occupations in applied sciences (except engineering),2024-05-01,430.1,426.6,7.036,412.528,440.672
212,Professional occupations in applied sciences (except engineering),2024-06-01,435.7,432.333,2.967,426.399,438.267
212,Professional occupations in applied sciences (except engineering),2024-07-01,448.0,437.933,9.157,419.619,456.247
212,Professional occupations in applied sciences (except engineering),2024-08-01,428.6,437.433,9.815,417.803,457.063
212,Professional occupations in applied sciences (except engineering),2024-09-01,436.8,437.8,9.739,418.322,457.278
212,Professional occupations in applied sciences (except engineering),2024-10-01,434.6,433.333,4.244,424.845,441.821
212,Professional occupations in applied sciences (except engineering),2024-11-01,431.8,434.4,2.506,429.388,439.412
212,Professional occupations in applied sciences (except engineering),2024-12-01,418.6,428.333,8.545,411.243,445.423
212,Professional occupations in applied sciences (except engineering),2025-01-01,463.6,438.0,23.132,391.736,484.264
212,Professional occupations in applied sciences (except engineering),2025-02-01,445.4,442.533,22.637,397.259,487.807
212,Professional occupations in applied sciences (except engineering),2025-03-01,413.8,440.933,25.199,390.535,491.331
212,Professional occupations in applied sciences (except engineering),2025-04-01,433.7,430.967,15.976,399.015,462.919
212,Professional occupations in applied sciences (except engineering),2025-05-01,435.0,427.5,11.882,403.736,451.264
212,Professional occupations in applied sciences (except engineering),2025-06-01,448.1,438.933,7.965,423.003,454.863
212,Professional occupations in applied sciences (except engineering),2025-07-01,435.9,439.667,7.317,425.033,454.301
212,Professional occupations in applied sciences (except engineering),2025-08-01,433.1,439.033,7.976,423.081,454.985
212,Professional occupations in applied sciences (except engineering),2025-09-01,475.8,448.267,23.886,400.495,496.039
